name,developer,class,copies_sold
Stardew Valley,ConcernedApe,AA,27.2m
VRChat,VRChat Inc.,AA,27.1m
Euro Truck Simulator 2,SCS Software,AA,26.3m
Paladins¬Æ,Evil Mojo Games,AA,25.1m
Goose Goose Duck,"Gaggle Studios, Inc.",Indie,24.9m
Portal 2,Valve,AAA,24.6m
Sid Meier‚Äôs Civilization¬Æ‚Ä¶,"Firaxis Games, Aspyr (Mac‚Ä¶",AAA,23.2m
The Sims‚Ñ¢ 4,Maxis,AAA,22.7m
Human Fall Flat,No Brakes Games,AA,22.7m
Marvel Rivals,NetEase Games,AA,22.6m
Path of Exile,Grinding Gear Games,AA,21.7m
NARAKA: BLADEPOINT,24 Entertainment,AA,21.6m
Phasmophobia,Kinetic Games,AA,21.1m
Dead by Daylight,Behaviour Interactive Inc‚Ä¶,AA,19.9m
Cyberpunk 2077,CD PROJEKT RED,AAA,19.7m
Z1 Battle Royale,Daybreak Game Company,Indie,19.5m
Dying Light,Techland,AA,19.4m
Red Dead Redemption 2,Rockstar Games,AAA,19.4m
ELDEN RING,"FromSoftware, Inc.",AAA,18.2m
Titanfall¬Æ 2,Respawn Entertainment,AAA,12.5m
Halo Infinite,343 Industries,AAA,12.4m
Sea of Thieves: 2025 Edit‚Ä¶,Rare Ltd,AAA,12.2m
R.E.P.O.,semiwork,AA,12.1m
DayZ,Bohemia Interactive,AAA,12m
Black Squad,"VALOFE, NS STUDIO",Indie,11.8m
Sons Of The Forest,Endnight Games Ltd,AA,11.8m
Deep Rock Galactic,Ghost Ship Games,AAA,11.8m
Trove,gamigo US Inc.,AA,11.5m
HELLDIVERS‚Ñ¢ 2,Arrowhead Game Studios,AAA,11.4m
Castle Crashers¬Æ,The Behemoth,AA,11.3m
Battlefield‚Ñ¢ 1,DICE,AAA,11.2m
Insurgency,New World Interactive,Indie,11m
Risk of Rain 2,Hopoo Games,AA,10.7m
Hollow Knight,Team Cherry,AA,10.4m
DARK SOULS‚Ñ¢ III,"FromSoftware, Inc.",AAA,10.4m
Plants vs. Zombies GOTY E‚Ä¶,"PopCap Games, Inc.",Indie,10.4m
Totally Accurate Battlegr‚Ä¶,Landfall,AA,10.3m
Assetto Corsa,Kunos Simulazioni,AA,10.2m
Geometry Dash,RobTop Games,Indie,8.6m
Crossout,Targem Games,AA,8.6m
Halo: The Master Chief Co‚Ä¶,"343 Industries, Splash Da‚Ä¶",AAA,8.6m
Splitgate,1047 Games,Indie,8.6m
Crusader Kings II,Paradox Development Studi‚Ä¶,AAA,8.5m
Undertale,tobyfox,Indie,8.4m
Delta Force,Team Jade,Indie,8.4m
Slay the Spire,Mega Crit,AA,8.3m
The Binding of Isaac: Reb‚Ä¶,"Nicalis, Inc., Edmund McM‚Ä¶",AA,8.3m
Doki Doki Literature Club‚Ä¶,Team Salvato,Indie,8.3m
BeamNG.drive,BeamNG,AA,8.2m
RISK: Global Domination,SMG Studio,Indie,8.2m
Tabletop Simulator,Berserk Games,AA,8.1m
Grand Theft Auto IV: The ‚Ä¶,"Rockstar North, Rockstar ‚Ä¶",AAA,8.1m
Far Cry¬Æ 5,"Ubisoft Montreal, Red Sto‚Ä¶",AAA,8.1m
Stellaris,Paradox Development Studi‚Ä¶,AAA,8m
Ready or Not,VOID Interactive,AA,7.9m
Rise of the Tomb Raider‚Ñ¢,"Crystal Dynamics, Eidos-M‚Ä¶",AA,7.9m
Divinity: Original Sin 2 ‚Ä¶,Larian Studios,AAA,7.9m
eFootball‚Ñ¢,KONAMI,AAA,6.8m
Alien Swarm,Valve,AAA,6.8m
One-armed cook,Duhndal,Indie,6.7m
Saints Row: The Third,Volition,AAA,6.7m
Assassin's Creed¬Æ Odyssey,"Ubisoft Quebec, Ubisoft M‚Ä¶",AAA,6.7m
Devil May Cry 5,"CAPCOM Co., Ltd.",AAA,6.7m
Liar's Bar,Curve Animation,Indie,6.7m
BattleBlock Theater¬Æ,The Behemoth,AA,6.6m
DEVOUR,Straight Back Games,Indie,6.6m
Saints Row IV: Re-Elected,Deep Silver Volition,AAA,6.5m
Frostpunk,11 bit studios,AA,6.5m
Dead Cells,Motion Twin,AA,6.5m
theHunter Classic,"Expansive Worlds, Avalanc‚Ä¶",Indie,6.5m
Middle-earth‚Ñ¢: Shadow of ‚Ä¶,,AA,6.5m
Yu-Gi-Oh! Duel Links,KONAMI,AAA,6.5m
CRSED: Cuisine Royale,"Darkflow Software, Matter‚Ä¶",AA,6.5m
Mortal Kombat 11,"NetherRealm Studios, QLOC‚Ä¶",AAA,6.4m
Green Hell,Creepy Jar,AA,6.3m
Mount & Blade II: Bannerl‚Ä¶,TaleWorlds Entertainment,AA,6.3m
Space Engineers,Keen Software House,AA,5.7m
Monster Hunter Wilds,"CAPCOM Co., Ltd.",AAA,5.6m
The First Descendant,"NEXON Games Co., Ltd.",AA,5.6m
Helltaker,vanripper,Indie,5.6m
Eternal Return,Nimble Neuron,AA,5.6m
Horizon Zero Dawn‚Ñ¢ Comple‚Ä¶,Guerrilla,AAA,5.6m
MIR4,Wemade Next,Indie,5.5m
STAR WARS‚Ñ¢: The Old Repub‚Ä¶,Broadsword,AAA,5.5m
Detroit: Become Human,Quantic Dream,AA,5.5m
Prison Architect,"Introversion Software, Do‚Ä¶",AAA,5.5m
Minion Masters,BetaDwarf,Indie,5.4m
Planet Coaster,"Frontier Developments, As‚Ä¶",AA,5.4m
Ori and the Will of the W‚Ä¶,Moon Studios GmbH,AAA,5.4m
Rec Room,Rec Room,Indie,5.4m
One-armed robber,Duhndal,Indie,5.4m
Europa Universalis IV,Paradox Development Studi‚Ä¶,AAA,5.3m
V Rising,Stunlock Studios,AA,5.3m
Escape the Backrooms,Fancy Games,Indie,5.3m
ASTRONEER,System Era Softworks,AA,5.3m
Farlight 84,Farlight Games,Indie,4.8m
UNO,Ubisoft Entertainment,AA,4.8m
Call of Duty¬Æ: Modern War‚Ä¶,Infinity Ward,AAA,4.8m
Grim Dawn,Crate Entertainment,AA,4.7m
Draw & Guess,Acureus,Indie,4.7m
Hotline Miami,Dennaton Games,AA,4.7m
RaceRoom Racing Experienc‚Ä¶,KW Studios,Indie,4.7m
Planet Zoo,Frontier Developments,AA,4.7m
Content Warning,"Wilnyl, Philip, thePetHen‚Ä¶",AA,4.7m
Stay Out,MOBITECH LLC,Indie,4.7m
Assassin's Creed¬Æ Origins,Ubisoft Montreal,AAA,4.7m
Quake Champions,id Software,AAA,4.6m
Torchlight II,Runic Games,AA,4.6m
Gunfire Reborn,Duoyi Games,AA,4.6m
Totally Accurate Battle S‚Ä¶,Landfall,AA,4.6m
Crusader Kings III,Paradox Development Studi‚Ä¶,AAA,4.6m
Path of Exile 2,Grinding Gear Games,AA,4.6m
Gang Beasts,"Boneloaf, Rocket Science",Indie,4.6m
Transformice,Atelier 801,Indie,4.6m
Super Meat Boy,Team Meat,Hobbyist,4.1m
Mirror's Edge‚Ñ¢,DICE,AAA,4.1m
FTL: Faster Than Light,Subset Games,Indie,4.1m
FragPunk,Bad Guitar Studio,Indie,4m
Hell Let Loose,Team17,AA,4m
Dishonored 2,Arkane Studios,AAA,4m
Elite Dangerous,Frontier Developments,AA,4m
TEKKEN 7,BANDAI NAMCO Studios Inc.,AA,4m
The Walking Dead,Telltale Games,AA,4m
Dead Frontier 2,Creaky Corpse Ltd,Indie,4m
South Park‚Ñ¢: The Stick of‚Ä¶,Obsidian Entertainment,AAA,4m
Resident Evil 4,"CAPCOM Co., Ltd.",AAA,3.9m
Assassin's Creed¬Æ Unity,Ubisoft,AAA,3.9m
SpeedRunners,DoubleDutch Games,AA,3.9m
Krunker,FRVR,Indie,3.9m
STALCRAFT: X,EXBO,Indie,3.9m
PROJECT: PLAYTIME,Mob Entertainment,Indie,3.9m
XCOM: Enemy Unknown,"Firaxis Games, Feral Inte‚Ä¶",AAA,3.9m
Noita,Nolla Games,Indie,3.9m
RuneScape ¬Æ,Jagex Ltd,AA,3.6m
Total War: ROME II - Empe‚Ä¶,CREATIVE ASSEMBLY,AAA,3.6m
DARK SOULS‚Ñ¢: REMASTERED,"QLOC, FromSoftware, Inc.",AAA,3.6m
Combat Master: Season 4,Alfa Bravo Inc,Indie,3.6m
Kenshi,Lo-Fi Games,AA,3.5m
Broforce,Free Lives,AA,3.5m
Call of Duty¬Æ: Warzone‚Ñ¢,"Infinity Ward, Raven Soft‚Ä¶",AAA,3.5m
Mortal Kombat X,"NetherRealm Studios, QLOC",AAA,3.5m
BioShock‚Ñ¢ Remastered,"2K Boston, 2K Australia, ‚Ä¶",AAA,3.5m
For The King,IronOak Games,AA,3.5m
Scrap Mechanic,Axolot Games,AA,3.5m
Banana Shooter,CodingDaniel,Hobbyist,3.5m
"Warhammer 40,000: Space M‚Ä¶",Saber Interactive,AAA,3.5m
Resident Evil 6,Capcom,AA,3.5m
Mafia II (Classic),2K Czech,AAA,3.5m
Mafia: Definitive Edition,Hangar 13,AAA,3.5m
Bro Falls,Boros Bros,Indie,3.5m
MORDHAU,Triternion,AA,3.5m
World of Guns: Gun Disass‚Ä¶,Noble Empire Corp.,Indie,3.4m
Cats,"100 Cozy Games, Cats",Indie,3.1m
Subnautica: Below Zero,Unknown Worlds Entertainm‚Ä¶,AA,3.1m
GTFO,10 Chambers,AA,3.1m
S.T.A.L.K.E.R.: Shadow of‚Ä¶,GSC Game World,AA,3.1m
Call of Duty¬Æ: Black Ops ‚Ä¶,Treyarch,AAA,3.1m
Darwin Project,Scavengers Studio,Indie,3.1m
Hero Siege,Panic Art Studios Ltd,Indie,3.1m
Dragon's Dogma: Dark Aris‚Ä¶,Capcom,AA,3.1m
FIFA 22,EA Canada & EA Romania,AAA,3m
The Stanley Parable,Galactic Cafe,Indie,3m
ORION: Prelude,DANKIE,Indie,3m
Total War: WARHAMMER,"CREATIVE ASSEMBLY, Feral ‚Ä¶",AAA,3m
Chinese Parents,Â¢®È±ºÁé©Ê∏∏Êàè,Indie,3m
Max Payne 3,Rockstar Studios,AAA,3m
Call of Duty: World at Wa‚Ä¶,Treyarch,AAA,3m
EA SPORTS FC‚Ñ¢ 24,"EA Canada, EA Romania",AAA,3m
DiRT Rally 2.0,Codemasters,Indie,3m
Resident Evil 3,"CAPCOM Co., Ltd.",AAA,3m
Sniper Elite 3,Rebellion,AA,3m
Yakuza 0,Ryu Ga Gotoku Studio,AAA,2.7m
Assassin‚Äôs Creed¬Æ IV Blac‚Ä¶,Ubisoft Montreal,Hobbyist,2.7m
Teardown,Tuxedo Labs,AA,2.7m
Love Is All Around,intiny,Indie,2.7m
ShellShock Live,kChamp Games,Indie,2.7m
Remnant: From the Ashes,Gunfire Games,AA,2.7m
MapleStory,NEXON Korea Corporation,AA,2.7m
Codename CURE,Raptor Byte,Hobbyist,2.7m
Serious Sam 3: BFE,Croteam,AA,2.7m
Hero's Land,Èí¢‰πãÁõ¥Áî∑Â∑•‰ΩúÂÆ§,Indie,2.7m
Blasphemous,The Game Kitchen,AA,2.7m
Catan Universe,Client/Frontend: Endava ‚Ä¶,Indie,2.7m
Freestyle 2: Street Baske‚Ä¶,JOYCITY,Indie,2.7m
Life is Strange 2,"DONTNOD Entertainment, Fe‚Ä¶",AA,2.6m
Shadow Warrior 2,Flying Wild Hog,AA,2.6m
The Outlast Trials,Red Barrels,AA,2.6m
Cell to Singularity - Evo‚Ä¶,Computer Lunch,Indie,2.6m
Scribble It!,Detach Entertainment,Hobbyist,2.6m
Cookie Clicker,"Orteil, DashNet",Indie,2.6m
L.A. Noire,"Team Bondi, Rockstar Leed‚Ä¶",AAA,2.4m
Red Dead Online,Rockstar Games,AAA,2.4m
Pixel Gun 3D: PC Edition,Cubic Games Studio,Indie,2.4m
KovaaK's,KovaaK Games,Indie,2.4m
Banished,Shining Rock Software LLC,Indie,2.4m
Dark Deception,Glowstick Entertainment,Indie,2.4m
The Isle,Afterthought LLC,Indie,2.4m
"Warhammer 40,000: Darktid‚Ä¶",Fatshark,AA,2.4m
WARMODE,Novalink,Indie,2.4m
Risk of Rain (2013),Hopoo Games,AA,2.4m
Phantasy Star Online 2 Ne‚Ä¶,SEGA,AAA,2.4m
ENDLESS‚Ñ¢ Legend,AMPLITUDE Studios,AAA,2.4m
FINAL FANTASY XV WINDOWS ‚Ä¶,Square Enix,AA,2.4m
Will To Live Online,AlphaSoft LLC,Indie,2.4m
Command & Conquer‚Ñ¢ Red Al‚Ä¶,EA Los Angeles,AAA,2.4m
TCG Card Shop Simulator,OPNeon Games,Indie,2.4m
Watch_Dogs‚Ñ¢,Ubisoft,AAA,2.4m
Project Winter,Other Ocean Interactive,Indie,2.4m
MiSide,AIHASTO,AA,2.4m
Control Ultimate Edition,Remedy Entertainment,AA,2.2m
Men of War: Assault Squad‚Ä¶,Digitalmindsoft,AA,2.2m
Viscera Cleanup Detail: S‚Ä¶,RuneStorm,AA,2.2m
Pavlov,Vankrupt Games,Indie,2.2m
MudRunner,Saber Interactive,AAA,2.2m
Call of Duty¬Æ: WWII,"Sledgehammer Games, Raven‚Ä¶",AAA,2.2m
Surgeon Simulator,Bossa Studios,Indie,2.2m
PlateUp!,It's happening,Indie,2.2m
Z1 Battle Royale: Test Se‚Ä¶,Daybreak Game Company,Indie,2.2m
Century: Age of Ashes,Playwing LTD,Indie,2.2m
To the Moon,Freebird Games,Indie,2.2m
Assetto Corsa Competizion‚Ä¶,Kunos Simulazioni,AA,2.2m
Just Act Natural,"Conor Garity, Liam Kerrig‚Ä¶",Indie,2.2m
Emily is Away,Kyle Seeley,Indie,2.2m
Mirror,KAGAMI WORKS,Indie,2.2m
Dungeon Defenders,Chromatic Games,Indie,2.2m
Rising Storm 2: Vietnam,"Antimatter Games, Tripwir‚Ä¶",AA,2.2m
Skullgirls 2nd Encore,Hidden Variable Studios,Indie,2.1m
BLOCKPOST LEGACY,Skullcap Studios,Indie,2.1m
America's Army: Proving G‚Ä¶,U.S. Army,Hobbyist,2m
Stacklands,Sokpop Collective,Indie,2m
Tom Clancy's Ghost Recon¬Æ‚Ä¶,Ubisoft Paris,AAA,2m
PowerWash Simulator,FuturLab,AA,2m
Wreckfest,Bugbear,AA,2m
Creativerse,Playful Corp.,Indie,2m
Gear Up,Doctor Entertainment AB,Indie,2m
McOsu,McKay,Hobbyist,2m
Medieval Dynasty,Render Cube,AA,2m
DRAGON BALL XENOVERSE 2,"QLOC, DIMPS",AAA,2m
Star Conflict,Star Gem Inc.,AA,2m
Â§™ÂêæÁªòÂç∑ The Scroll Of Taiwu,ConchShip Games,Indie,2m
NARUTO TO BORUTO: SHINOBI‚Ä¶,Soleil Ltd.,AAA,2m
Train Simulator Classic 2‚Ä¶,Dovetail Games,Indie,2m
Total War: ATTILA,CREATIVE ASSEMBLY,AAA,2m
Battle Teams 2,Wizard Games,Indie,2m
PICO PARK:Classic Edition,TECOPARK,Indie,1.9m
Duck Game,Landon Podbielski,Indie,1.9m
Hades II,Supergiant Games,AA,1.9m
Town of Salem,BlankMediaGames,Indie,1.9m
Persona 4 Golden,ATLUS,AAA,1.8m
CS2D,Unreal Software,Hobbyist,1.8m
Bright Memory: Infinite,FYQD-Studio,Indie,1.8m
ROUNDS,Landfall,AA,1.8m
War Selection,Glyph Worlds,Indie,1.8m
Forager,HopFrog,AA,1.8m
Transistor,Supergiant Games,AA,1.8m
Car Mechanic Simulator 20‚Ä¶,Red Dot Games,AA,1.8m
Katana ZERO,Askiisoft,AA,1.8m
Ê≠ªÂØÇÔºàDeathly StillnessÔºâ,Ë∞åÂòâËØö,Hobbyist,1.8m
Microsoft Flight Simulato‚Ä¶,Microsoft Game Studios,AAA,1.8m
ARK: Survival Ascended,"Studio Wildcard, Grove St‚Ä¶",AAA,1.8m
Pixel Strike 3D,Vulcron,Indie,1.8m
Knight Online,"Noah System, Mgame",Indie,1.8m
STAR WARS‚Ñ¢ Knights of the‚Ä¶,"Obsidian Entertainment, A‚Ä¶",AA,1.8m
Dragon Age: Origins - Ult‚Ä¶,BioWare,AAA,1.8m
Heroes¬Æ of Might & Magic¬Æ‚Ä¶,Dotemu,AA,1.8m
Assassin's Creed¬Æ Syndica‚Ä¶,"Ubisoft Quebec, in collab‚Ä¶",AAA,1.8m
ICARUS,RocketWerkz,Indie,1.7m
LIMBO,Playdead,Indie,1.7m
The Long Drive,Genesz,Indie,1.7m
TCG Card Shop Simulator: ‚Ä¶,OPNeon Games,Indie,1.7m
DREDGE,Black Salt Games,AA,1.7m
Forts,EarthWork Games,Indie,1.7m
Little Nightmares II,Tarsier Studios,AA,1.7m
Nioh 2 ‚Äì The Complete Edi‚Ä¶,"KOEI TECMO GAMES CO., LTD‚Ä¶",AA,1.7m
City Car Driving,"Forward Development, Ltd.",Indie,1.7m
Dino D-Day,800 North and Digital Ran‚Ä¶,Indie,1.7m
Microsoft Flight Simulato‚Ä¶,Asobo Studio,AAA,1.7m
Gujian3(Âè§ÂâëÂ•áË∞≠‰∏â),"‰∏äÊµ∑ÁÉõÈæô‰ø°ÊÅØÁßëÊäÄÊúâÈôêÂÖ¨Âè∏, Aurogon Sha‚Ä¶",Indie,1.7m
Far Cry¬Æ New Dawn,"Ubisoft Montreal, Ubisoft‚Ä¶",AAA,1.7m
Portal Knights,Keen Games GmbH,AA,1.6m
The Last of Us‚Ñ¢ Part I,"Naughty Dog LLC, Iron Gal‚Ä¶",AAA,1.6m
20 Minutes Till Dawn,flanne,Indie,1.6m
AirMech,Carbon Games,Indie,1.6m
Need for Speed‚Ñ¢ Unbound,Criterion Games,AAA,1.6m
Ghost of Tsushima DIRECTO‚Ä¶,"Sucker Punch Productions,‚Ä¶",AAA,1.6m
Riders of Icarus,"WeMade, VALOFE",Indie,1.6m
The Elder Scrolls IV: Obl‚Ä¶,,AAA,1.6m
Google Earth VR,Google,Hobbyist,1.6m
S.T.A.L.K.E.R. 2: Heart o‚Ä¶,GSC Game World,AA,1.6m
Sid Meier's Civilization¬Æ‚Ä¶,"Firaxis Games, Aspyr (Mac‚Ä¶",AAA,1.6m
Spectre Divide,Mountaintop Studios,Indie,1.6m
WAKFU,Ankama Studio,Indie,1.6m
FEZ,Polytron Corporation,Indie,1.5m
Enlisted,Darkflow Software,AA,1.5m
High Octane Drift,Cruderocks,Hobbyist,1.5m
Far Cry¬Æ 2,Ubisoft Montreal,AAA,1.5m
Granblue Fantasy: Relink,"Cygames, Inc.",AA,1.5m
The Planet Crafter,Miju Games,Indie,1.5m
STAR WARS‚Ñ¢: Squadrons,MOTIVE,AAA,1.5m
RAGE,id Software,AAA,1.5m
FINAL FANTASY VII,Square Enix,AA,1.5m
DARK SOULS‚Ñ¢ II,"FromSoftware, Inc.",AA,1.5m
Need for Speed‚Ñ¢ Payback,Ghost Games,AAA,1.5m
Assassin's Creed‚Ñ¢: Direct‚Ä¶,Ubisoft Montreal,AAA,1.5m
Fears to Fathom - Home Al‚Ä¶,Rayll,Indie,1.4m
Super Hexagon,Terry Cavanagh,Indie,1.4m
Tropico 6,"Limbic Entertainment, Rea‚Ä¶",AA,1.4m
Portal with RTX,Lightspeed Studios‚Ñ¢,Hobbyist,1.4m
Strinova,iDreamSky,Indie,1.4m
FINAL FANTASY VII REMAKE ‚Ä¶,Square Enix,AA,1.4m
Command & Conquer: Red Al‚Ä¶,EA Los Angeles,AAA,1.4m
BRAIN / OUT,Desertkun,Indie,1.4m
GrandChase,KOG,Indie,1.4m
AudioSurf,Dylan Fitterer,Hobbyist,1.4m
Divinity: Original Sin (C‚Ä¶,Larian Studios,AAA,1.4m
Elsword,KOG,Indie,1.4m
BLEACH Brave Souls,KLab Inc.,Indie,1.4m
Sonic & All-Stars Racing ‚Ä¶,Sumo Digital,AAA,1.4m
Sakura Clicker,Winged Cloud,Indie,1.4m
Resident Evil,"CAPCOM Co., Ltd.",AAA,1.4m
War Trigger 3,"Rocketeer Games Studio, L‚Ä¶",Indie,1.4m
The Wolf Among Us,Telltale,Indie,1.4m
STAR WARS‚Ñ¢ Republic Comma‚Ä¶,LucasArts,AA,1.4m
Transport Fever 2,Urban Games,AA,1.4m
Baldur's Gate: Enhanced E‚Ä¶,Beamdog,Indie,1.4m
Bongo Cat,Marcel Zurawka,Indie,1.4m
Monster Train,Shiny Shoe,AA,1.4m
Universe Sandbox,Giant Army,Indie,1.4m
Pathfinder: Kingmaker ‚Äî E‚Ä¶,Owlcat Games,Indie,1.4m
Alice: Madness Returns,Spicy Horse Games,AAA,1.4m
Layers of Fear (2016),Bloober Team SA,Indie,1.4m
Resident Evil Revelations‚Ä¶,"CAPCOM Co., Ltd.",AAA,1.4m
Fallout 3,Bethesda Game Studios,AAA,1.3m
Orcs Must Die! 3,Robot Entertainment,Indie,1.3m
BLOCKADE,Novalink,Indie,1.3m
Split Fiction,Hazelight Studios,AAA,1.3m
Backrooms: Escape Togethe‚Ä¶,Triiodide Studios,Indie,1.3m
Shadow Warrior,Flying Wild Hog,AA,1.3m
STAR WARS‚Ñ¢ - The Force Un‚Ä¶,LucasArts,AA,1.3m
Slime Rancher 2,Monomi Park,AA,1.3m
Iron Harvest,KING Art,AA,1.3m
Assassin's Creed Valhalla,Ubisoft Montreal,AAA,1.3m
NBA 2K25,Visual Concepts,AAA,1.3m
Hand Simulator: Survival,HFM Games,Indie,1.3m
HUMANKIND‚Ñ¢,AMPLITUDE Studios,AAA,1.3m
Myth of Empires,Angela Game,Indie,1.3m
Hurtworld,Bankroll Studios,Indie,1.3m
Sniper Ghost Warrior 3,CI Games,AA,1.3m
Dome Keeper,Bippinbits,AA,1.3m
Football Manager 2024,Sports Interactive,AAA,1.3m
Call of Duty¬Æ: Ghosts,Infinity Ward,AAA,1.3m
HuniePop 2: Double Date,HuniePot,Indie,1.3m
STAR WARS‚Ñ¢ Empire at War ‚Ä¶,Petroglyph,AA,1.3m
LOCKDOWN Protocol,Mirage Creative Lab,Indie,1.3m
OMORI,"OMOCAT, LLC",Indie,1.2m
Antichamber,Alexander Bruce,Indie,1.2m
Worms Armageddon,Team17 Digital Ltd,Indie,1.2m
FINAL FANTASY X/X-2 HD Re‚Ä¶,Square Enix,AA,1.2m
Supermarket Simulator: Pr‚Ä¶,Nokta Games,Indie,1.2m
Mini Motorways,Dinosaur Polo Club,Indie,1.2m
Deadside,Bad Pixel,Indie,1.2m
Punch Club,Lazy Bear Games,AA,1.2m
Call of Duty¬Æ: Infinite W‚Ä¶,Infinity Ward,AAA,1.2m
Bombergrounds: Reborn,Gigantic Duck Games,Indie,1.2m
Sniper Elite 5,Rebellion,AA,1.2m
Homeworld Remastered Coll‚Ä¶,"Gearbox Software, Aspyr (‚Ä¶",AA,1.2m
Trine 4: The Nightmare Pr‚Ä¶,Frozenbyte,Indie,1.2m
Life is Strange: Before t‚Ä¶,"Deck Nine, Feral Interact‚Ä¶",AA,1.2m
BONEWORKS,Stress Level Zero,Indie,1.2m
Digimon Masters Online,"Move Games Co., Ltd.",Indie,1.2m
Yakuza: Like a Dragon,Ryu Ga Gotoku Studio,AAA,1.2m
Tower of Fantasy,Hotta Studio,Indie,1.2m
We Were Here Forever,Total Mayhem Games,Indie,1.2m
Plants vs. Zombies: Battl‚Ä¶,PopCap,AAA,1.2m
Thronefall,GrizzlyGames,Indie,1.2m
Relic Hunters Zero: Remix,Rogue Snail,Indie,1.2m
Shadow Tactics: Blades of‚Ä¶,Mimimi Games,AA,1.2m
Tales of Arise,Bandai Namco Studios Inc.,AAA,1.2m
Tap Ninja - Idle game,Broken Glass,Indie,1.2m
State of Decay,Undead Labs,AAA,1.2m
Deducto,Red Fox Studios,Indie,1.1m
Gems of War - Puzzle RPG,Infinity Plus 2,AA,1.1m
Samsara Room,Rusty Lake,Indie,1.1m
Backpack Battles,PlayWithFurcifer,Indie,1.1m
Farm Together,Milkstone Studios,Indie,1.1m
NGU IDLE,4G,Indie,1.1m
AdVenture Communist,Hyper Hippo Games,Indie,1.1m
Day of Defeat: Source,Valve,AAA,1.1m
Paint the Town Red,South East Games,Indie,1.1m
Sniper Ghost Warrior Cont‚Ä¶,CI Games,AA,1.1m
ArcheBlade‚Ñ¢,CodeBrush Games,Hobbyist,1.1m
House Party,"Eek! Games, LLC",Indie,1.1m
Mindustry,AnukenDev,Indie,1.1m
FreshWomen - Season 1,OppaiMan,Indie,1.1m
Aliens: Fireteam Elite,Cold Iron Studios,Indie,1.1m
Monster Girl Island: Prol‚Ä¶,Redamz,Hobbyist,1.1m
Victoria II,Paradox Development Studi‚Ä¶,AAA,1.1m
BrainBread 2,Reperio Studios,Hobbyist,1.1m
Amazing Cultivation Simul‚Ä¶,GSQ Games,Indie,1.1m
Dragon's Dogma 2 Characte‚Ä¶,"CAPCOM Co., Ltd.",AAA,1.1m
The Elder Scrolls V: Skyr‚Ä¶,Bethesda Game Studios,AAA,1.1m
Trailmakers,Flashbulb,Indie,1.1m
Nuclear Nightmare,BG Productions,Indie,1.1m
The Stanley Parable: Ultr‚Ä¶,Crows Crows Crows,Indie,1.1m
NARUTO SHIPPUDEN: Ultimat‚Ä¶,CyberConnect2 Co. Ltd.,AA,1.1m
Prototype‚Ñ¢,Radical Entertainment,AAA,1.1m
Marbles on Stream,Pixel by Pixel Studios In‚Ä¶,Indie,1.1m
Bodycam,Reissad Studio,Indie,1.1m
FINAL FANTASY¬Æ XIII,Square Enix,AA,1m
Rocksmith¬Æ 2014 Edition R‚Ä¶,"Ubisoft - San Francisco, ‚Ä¶",AAA,1m
RollerCoaster Tycoon¬Æ 3: ‚Ä¶,"Frontier, Aspyr (Mac)",Hobbyist,1m
Of Guards And Thieves,"Subvert Games, Polygon Mo‚Ä¶",Hobbyist,1m
The Survivalists,Team17,AA,1m
Valiant Hearts: The Great‚Ä¶,Ubisoft Montpellier,AAA,1m
TerraTech,Payload Studios,Indie,1m
Clustertruck,Landfall,AA,1m
The Ascent,Neon Giant,AA,1m
DYNASTY WARRIORS 8: Xtrem‚Ä¶,"KOEI TECMO GAMES CO., LTD‚Ä¶",AA,1m
Hacknet,Team Fractal Alligator,Indie,1m
Sun Haven,Pixel Sprout Studios,Indie,1m
Danganronpa 2: Goodbye De‚Ä¶,"Spike Chunsoft Co., Ltd.,‚Ä¶",AA,1m
Garten of Banban,Euphoric Brothers,Indie,1m
Teeworlds,Teeworlds Team,Hobbyist,1m
Wizard101,KingsIsle Entertainment,Indie,1m
ÊúàÂúÜ‰πãÂ§ú (Night of Full Moon),Giant Games,Indie,1m
Call of Duty¬Æ: Advanced W‚Ä¶,"Sledgehammer Games, Raven‚Ä¶",AAA,1m
Farming Simulator 15,Giants Software,AA,1m
Baldur's Gate II: Enhance‚Ä¶,Beamdog,Indie,1m
Dungeon Fighter Online,Neople,Indie,1m
Mafia II: Definitive Edit‚Ä¶,"Hangar 13, D3T",AAA,1m
Max Payne,Remedy Entertainment,AAA,1m
Saints Row 2,Volition,AAA,1m
Feed and Grow: Fish,Old B1ood,Indie,1m
Mirror's Edge‚Ñ¢ Catalyst,DICE,AAA,1m
Death Must Die,Realm Archive,Indie,1m
GreedFall,Spiders,AAA,1m
Prototype 2,Radical Entertainment,AAA,1m
X4: Foundations,Egosoft,Indie,981.7k
Lost,DSGame,Indie,980k
PickCrafter,Fiveamp,Indie,979.1k
Gunpoint,Suspicious Developments,Indie,979.1k
Sneak Out,Kinguin Studios,Indie,978.1k
XERA: Survival,Spotted Kiwi Interactive,Indie,977.9k
Gray Zone Warfare,"MADFINGER Games, a.s.",Indie,977.8k
Space Hulk: Deathwing Enh‚Ä¶,Streum On Studio,AAA,977k
Sins of a Solar Empire¬Æ: ‚Ä¶,Ironclad Games Corporatio‚Ä¶,AA,974.5k
RollerCoaster Tycoon¬Æ: De‚Ä¶,Chris Sawyer Productions,Indie,973.1k
Heavy Rain,Quantic Dream,AA,973.1k
Pillars of Eternity II: D‚Ä¶,Obsidian Entertainment,Indie,973k
Hero's Adventure: Road to‚Ä¶,ÂçäÁì∂ÈÜãÂ∑•‰ΩúÂÆ§ÔºàHalf Amateur Studi‚Ä¶,Indie,972.4k
Tell Me Why,DONTNOD Entertainment,AAA,972.4k
Day of Infamy,New World Interactive,Indie,971.9k
Clone Drone in the Danger‚Ä¶,Doborog Games,Indie,971.5k
Lucius,Shiver Games,Indie,970k
SenrenÔºäBanka,YUZUSOFT,Indie,970k
Kingdom Two Crowns,"StumpyüêôSquid, Fury Studi‚Ä¶",AA,966.1k
Darksiders II Deathinitiv‚Ä¶,"Gunfire Games, Vigil Game‚Ä¶",AA,927.9k
Never Split the Party,Legend Studio,Indie,924.1k
Squad 44,Offworld,AA,923.9k
Prison Simulator Prologue,Baked Games,Indie,923.6k
The Darkness II,Digital Extremes,AAA,922k
A.V.A Global,Valiant,Indie,921.3k
Monaco: What's Yours Is M‚Ä¶,Pocketwatch Games,AA,921k
Overcooked,Ghost Town Games Ltd.,Indie,920.3k
Genital Jousting,Free Lives,AA,920.2k
Peglin,Red Nexus Games Inc.,Indie,919.1k
OneShot,Future Cat LLC,Indie,918.7k
Trine 2: Complete Story,Frozenbyte,Indie,918.6k
Hunger Dungeon,No Stuck Game Studio,Indie,915.8k
Professional Fishing,MasterCode,Indie,913.3k
Far Cry¬Æ,Crytek Studios,AAA,911.2k
E.Y.E: Divine Cybermancy,Streum On Studio,Indie,910k
The Room Two,Fireproof Games,Indie,909.3k
60 Seconds! Reatomized,Robot Gentleman,Indie,908.2k
Pool Nation FX Lite,Cherry Pop Games,Indie,906.9k
Idle Slayer,Pablo Leban,Indie,876.5k
Supraball,Supra Games,Indie,875.1k
Dawn of Man,Madruga Works,Indie,871.8k
Hello Neighbor 2 Alpha 1.‚Ä¶,"Eerie Guest, tinyBuild",AA,871.7k
Going Medieval,Foxy Voxel,Indie,869.9k
Crab Champions,Noisestorm,Indie,869.5k
Ravenswatch,Passtech Games,AA,869.4k
DEATH STRANDING DIRECTOR'‚Ä¶,KOJIMA PRODUCTIONS,AA,864.6k
The Elder Scrolls III: Mo‚Ä¶,Bethesda Game Studios,AAA,864.1k
Lords of the Fallen,CI Games,AA,863.9k
Ghost Watchers,Renderise,Indie,863.8k
Cossacks 3,GSC Game World,AA,860.4k
Kingdom Rush - Tower Def‚Ä¶,Ironhide Game Studio,Indie,860.4k
Octodad: Dadliest Catch,Young Horses,Indie,859.8k
Hand of Fate,Defiant Development,Indie,859.4k
ALTF4,PUMPKIM,Indie,859.2k
Homefront¬Æ: The Revolutio‚Ä¶,Dambuster Studios,AAA,858.3k
Soda Dungeon,"AN Productions, Poxpower",Indie,857.8k
Lunch Lady,Manic Mice,Indie,857.5k
Darkest Dungeon¬Æ II,Red Hook Studios,AA,825.3k
Crusaders of the Lost Ido‚Ä¶,Codename Entertainment In‚Ä¶,Indie,825.3k
Breeders of the Nephelym:‚Ä¶,DerelictHelmsman,Hobbyist,825.2k
Move or Die,"Xelu, Those Awesome Guys",Indie,824.9k
Duke Nukem Forever,Gearbox Software,AAA,823.6k
Age of Wonders 4,Triumph Studios,AAA,823.6k
The Hungry Lamb: Travelin‚Ä¶,Èõ∂ÂàõÊ∏∏Êàè(ZerocreationGame),Indie,822.8k
Orcs Must Die! 2,Robot Entertainment,Indie,822.7k
Himno,David Moralejo S√°nchez,Indie,822.2k
Fallout 2: A Post Nuclear‚Ä¶,Black Isle Studios,AAA,821.5k
Simply Chess,BlueLine Games,Indie,821.4k
Dicey Dungeons,Terry Cavanagh,Indie,820.1k
Griftlands,Klei Entertainment,AA,819.9k
Pacific Drive,Ironwood Studios,AA,819.6k
Road 96 üõ£Ô∏è,Digixart,AAA,819.6k
Dead Maze,Atelier 801,Indie,819.4k
Construction Simulator,weltenbauer. Software Ent‚Ä¶,AA,819.3k
A Story About My Uncle,Gone North Games,AAA,816.6k
Crime Scene Cleaner: Prol‚Ä¶,President Studio,AA,815.2k
Crime Scene Cleaner,President Studio,Indie,790.7k
Game of Thrones Winter is‚Ä¶,YOUZU (SINGAPORE) PTE. LT‚Ä¶,Indie,788.4k
Deceit 2,World Makers,Indie,787.1k
100 Korea Cats,"100 Cozy Games, Cats",Indie,785.6k
Half-Life: Opposing Force,Gearbox Software,AAA,784.4k
Age of Empires: Definitiv‚Ä¶,"World's Edge, Forgotten E‚Ä¶",AAA,784k
Fate Seeker,Áî≤Â±±ÊûóÂ®õÊ®ÇËÇ°‰ªΩÊúâÈôêÂÖ¨Âè∏,Indie,783.9k
Tabletopia,Tabletopia,Indie,783.6k
Tyranny,Obsidian Entertainment,AAA,780.7k
Evil Genius 2: World Domi‚Ä¶,Rebellion,AA,780.3k
Library Of Ruina,ProjectMoon,AA,780.2k
BEEP,Big Fat Alien,Hobbyist,779.8k
Sultan's Game,Double Cross,Indie,778.7k
Battlefield 3‚Ñ¢,DICE,AAA,778.7k
Quake,"id Software, Nightdive St‚Ä¶",AAA,778.3k
Panzar,Panzar Studio,Hobbyist,776.1k
Call of Duty¬Æ: Black Ops ‚Ä¶,"Treyarch, Raven Software,‚Ä¶",AAA,775.9k
Loading Screen Simulator,CakeEaterGames,Hobbyist,775.8k
Coral Island,Stairway Games,AA,775.1k
100% Orange Juice,Orange_Juice,Indie,753.4k
Bronzebeard's Tavern,The Mermaid MenZ,Hobbyist,753.4k
Ancestors: The Humankind ‚Ä¶,Panache Digital Games,AA,753.1k
PixARK,Snail Games USA,AAA,752.6k
Magicraft,Ê≥¢Êµ™Ê∏∏Êàè (Wave Game),AA,749.8k
Yume Nikki,kikiyama,AA,749.4k
RuneScape: Dragonwilds,Jagex Ltd,AA,749.1k
Command & Conquer Red Ale‚Ä¶,"Westwood Pacific, Westwoo‚Ä¶",AAA,749k
College Kings - The Compl‚Ä¶,Undergrad Steve,Indie,748.5k
Resident Evil Revelations,Capcom,AA,747.9k
Dragon Cliff,Meta Interaction,Indie,747.7k
Company of Heroes,Relic Entertainment,AAA,746.9k
Need for Speed‚Ñ¢ Hot Pursu‚Ä¶,Stellar Entertainment Lim‚Ä¶,AAA,746.6k
The Room Three,Fireproof Games,Indie,745.5k
Swaying Girl,Wet Girl,Indie,744.9k
Summoners War,Com2uS,AA,744.6k
BIOMUTANT,Experiment 101,AA,744.4k
A Total War Saga: THRONES‚Ä¶,"CREATIVE ASSEMBLY, Feral ‚Ä¶",AAA,744.4k
Marvel's Midnight Suns,Firaxis Games,AAA,743.9k
Danganronpa V3: Killing H‚Ä¶,"Spike Chunsoft Co., Ltd.",AA,720.9k
HuniePop,HuniePot,Indie,720.3k
Grapples Galore,Zoteling,Indie,719.6k
Sunset Overdrive,"Insomniac Games, Blind Sq‚Ä¶",AAA,718.8k
Car Detailing Simulator: ‚Ä¶,"Games Incubator, GameForm‚Ä¶",Indie,717.7k
Dead Bits,Microblast Games,Indie,717.6k
Fallout: A Post Nuclear R‚Ä¶,Interplay Inc.,AAA,716.7k
The Headliners,KAFI,Indie,716.4k
SuchArt: Creative Space,Goose Minded,AA,716.3k
Legion TD 2 - Multiplayer‚Ä¶,AutoAttack Games,Indie,715.5k
Injustice‚Ñ¢ 2,"NetherRealm Studios, QLOC",AA,715.1k
Death Road to Canada,"Rocketcat Games, Madgarde‚Ä¶",Indie,714.8k
Blade Symphony,Puny Human,Indie,714.3k
Curse of the Dead Gods,Passtech Games,AAA,713.5k
Bloons Monkey City,Ninja Kiwi,AA,712.5k
Naval Action,Bermuda Computer Club,Indie,711.3k
Battle Brothers,Overhype Studios,Indie,711.2k
Only If,Creability,Hobbyist,710.5k
DYNASTY WARRIORS: ORIGINS,"KOEI TECMO GAMES CO., LTD‚Ä¶",AA,710.2k
Nomad,Diminished Studios,Hobbyist,686.6k
Wolfenstein: Youngblood,"Machine Games, Arkane Stu‚Ä¶",AAA,684.7k
Blockstorm,GhostShark,Indie,683.8k
Heroine's Quest: The Hera‚Ä¶,Crystal Shard,Indie,683.7k
Shadows of Doubt,ColePowered Games,AA,683.3k
Poly Bridge,Dry Cactus,Indie,682.9k
Diplomacy is Not an Optio‚Ä¶,Door 407,Indie,682.2k
House Flipper 2,Frozen District,AA,681.7k
The Beast Inside,Illusion Ray,Indie,681k
Command & Conquer‚Ñ¢ 3: Kan‚Ä¶,EA Los Angeles,AAA,680.4k
Car Mechanic Simulator 20‚Ä¶,"PlayWay S.A., Red Dot Gam‚Ä¶",AA,680k
Monster Sanctuary,moi rai games,AA,678.7k
Railway Empire,Gaming Minds Studios,AA,677.8k
Jotun: Valhalla Edition,Thunder Lotus Games,Indie,677.7k
Blood Bowl 2,Cyanide Studios,AA,676k
Slender: The Arrival,Blue Isle Studios,Indie,675.5k
Shawarma Legend,Eyad Alshafei,Indie,675.5k
Sniper Fury,Gameloft,AA,674.1k
Mount & Blade: With Fire ‚Ä¶,TaleWorlds Entertainment,AA,673.9k
Yakuza Kiwami 2,Ryu Ga Gotoku Studio,AAA,656.8k
EARTH DEFENSE FORCE 5,SANDLOT,AA,656.6k
Resident Evil 0,"CAPCOM Co., Ltd.",AAA,656.2k
Songs of Conquest,Lavapotion,AAA,656.2k
SimplePlanes,"Jundroo, LLC",Indie,655.5k
Yakuza Kiwami,Ryu Ga Gotoku Studio,AAA,655.4k
Hobo: Tough Life,Perun Creative,Indie,655.4k
FINAL FANTASY VIII,Square Enix,AA,655.2k
Hyperdimension Neptunia R‚Ä¶,"IDEA FACTORY Co., Ltd., C‚Ä¶",Indie,655k
Metal: Hellsinger,The Outsiders,AA,653.4k
Zombie Army 4: Dead War,Rebellion,AA,653.4k
SYNTHETIK: Arena,Flow Fire Games,Indie,652.4k
You Have to Win the Game,Minor Key Games,Indie,652.1k
Tales of Berseria‚Ñ¢,BANDAI NAMCO Studios Inc.,AA,651.8k
LIZARDS MUST DIE,the Bratans,Indie,651.5k
IOSoccer,IOSoccer Team,Hobbyist,650.2k
There Is No Game: Jam Edi‚Ä¶,Draw Me A Pixel,Indie,649.4k
BattleRush,TB Games,Indie,648.7k
911 Operator,Jutsu Games,Indie,648.5k
Pixel Puzzles: UndeadZ,Pixel Puzzles,Indie,633.4k
Disney Dreamlight Valley,Gameloft,AA,633.3k
Hello Neighbor Alpha 3,Dynamic Pixels,AA,633.2k
Space Haven,Bugbyte Ltd.,Indie,632.7k
Amnesia: A Machine for Pi‚Ä¶,The Chinese Room,Indie,632.5k
Combat Arms: Reloaded,"VALOFE, NEXON",Indie,631.5k
Five Nights at Freddy's 3,Scott Cawthon,Indie,631.2k
MechWarrior 5: Mercenarie‚Ä¶,Piranha Games Inc.,Indie,631k
The Quarry,Supermassive Games,Indie,630.5k
Tavern Master,Untitled Studio,Indie,630.2k
Cave Story+,"Nicalis, Inc., Studio Pix‚Ä¶",AA,629.7k
Neon Beats,OKYO GAMES,Hobbyist,629.3k
The Jackbox Party Pack 7,"Jackbox Games, Inc.",AA,628.8k
Soda Dungeon 2,"AN Productions, Poxpower",Indie,628.7k
Polarity,Bluebutton Games,Indie,628.6k
Doki Doki Literature Club‚Ä¶,Team Salvato,Indie,628.5k
HD Poker: Texas Hold'em,Z4,Indie,628.4k
Blood of Steel,YC Games,Indie,628.1k
Fran Bow,Killmonday Games AB,Indie,626.7k
X-Plane 11,Laminar Research,Indie,609.9k
Farmer Against Potatoes I‚Ä¶,Oni Gaming,Indie,609.2k
Cloudpunk,ION LANDS,Indie,609.2k
UNDEFEATED,"UNDEFEATED Games, Indie-u‚Ä¶",Hobbyist,608.7k
Treasure of Nadia,NLT Media,Indie,608.6k
Dragon Age‚Ñ¢: The Veilguar‚Ä¶,BioWare,AAA,608.4k
Tales of Zestiria,BANDAI NAMCO Studio Inc.,AA,607.9k
Long Live Santa!,Doborog Games,Indie,607.6k
Two Point Campus,Two Point Studios,AAA,607.3k
Mechabellum,Game River,Indie,607.3k
RoboCop: Rogue City,Teyon,AA,606.9k
Lost Castle 2,Hunter Studio,Indie,606.3k
NARUTO SHIPPUDEN: Ultimat‚Ä¶,"CyberConnect2 Co., Ltd.",AA,605.5k
ANIMAL WELL,Billy Basso,Indie,605.3k
Big Ambitions,Hovgaard Games,Indie,604.9k
The Two of Us,Flow State Games,Hobbyist,604.1k
Sniper Elite: Nazi Zombie‚Ä¶,Rebellion,AA,603.8k
Soulmask,CampFire Studio,Indie,603.2k
Two Worlds Epic Edition,Reality Pump Studios,Indie,603k
Kingdom Rush Frontiers - ‚Ä¶,Ironhide Game Studio,Indie,588.3k
Serious Sam 4,Croteam,AA,586.7k
Istrolid,treeform,Hobbyist,586.5k
Cyber Manhunt,Aluba Studio,Indie,585.9k
Monster Prom,Beautiful Glitch,Indie,585.5k
Cube Escape Collection,,Indie,584.6k
Streets of Rogue,Matt Dabrowski,AA,583.8k
Assassin‚Äôs Creed Shadows,"Ubisoft Quebec, Ubisoft B‚Ä¶",AAA,583.4k
Kebab Simulator: Prologue,Biotech Gameworks,Indie,582.9k
Jalopy,Minskworks,Indie,582.7k
Police Stories,HypeTrain Digital,AA,582.4k
Rebel Inc: Escalation,Ndemic Creations,Indie,581.1k
Dagon: by H. P. Lovecraft,Bit Golem,Indie,580.5k
Steel Division 2,Eugen Systems,Indie,580.3k
Kena: Bridge of Spirits,Ember Lab,Indie,579.8k
WWII Online,Cornered Rat Software,Indie,578.7k
Wasteland 2: Director's C‚Ä¶,inXile Entertainment,AA,578.2k
LEGO¬Æ City Undercover,Traveller's Tales,Indie,577.4k
The Exit 8,KOTAKE CREATE,AA,576.8k
Downwell,Moppin,AA,561.4k
STRAFTAT,"Sirius Lemaitre, L√©onard ‚Ä¶",Indie,561.4k
Rotwood,Klei Entertainment,AA,560.6k
Stronghold 3 Gold,FireFly Studios,Indie,560.5k
MUSYNX,I-Inferno,Indie,560k
Ale & Tale Tavern,Scienart Games,Indie,560k
Wargame: Airland Battle,Eugen Systems,Indie,559.9k
Risen 3 - Titan Lords,Piranha Bytes,AA,559.7k
Cosmoteer: Starship Archi‚Ä¶,Walternate Realities,Indie,559.3k
The Callisto Protocol‚Ñ¢,Striking Distance Studios,AAA,559.1k
Placid Plastic Duck Simul‚Ä¶,turbolento games,Indie,558.8k
Root,Dire Wolf,Indie,558.6k
FINAL FANTASY XVI,Square Enix,AA,558.1k
Crime Boss: Rockay City,INGAME STUDIOS,AA,557.3k
Rusty's Retirement,Mister Morris Games,Indie,556.3k
Empires of the Undergrowt‚Ä¶,Slug Disco,AA,555.7k
Roboquest,RyseUp Studios,Indie,555.5k
Dungeons 2,Realmforge Studios,Indie,555k
The Bridge,Ty Taylor and Vega Casta√±‚Ä¶,Indie,554.9k
Outcore: Desktop Adventur‚Ä¶,Doctor Shinobi,Hobbyist,543.4k
Midnight Ghost Hunt,Vaulted Sky Games,AAA,543.3k
Morphopolis,"Dan Walters, Ceri Willia‚Ä¶",Indie,542.4k
Backpack Hero,Jaspel,Indie,542.1k
Mr. Prepper: Prologue,Rejected Games,AA,541.6k
PGA TOUR 2K23,HB Studios,AAA,541.6k
Spacelords,MercurySteam,Indie,541k
Snowbreak: Containment Zo‚Ä¶,Amazing Seasun Games,Indie,541k
Oxenfree,Night School Studio,Indie,540.2k
Notes of Soul,ÔºàHong KongÔºâGKD Game Studi‚Ä¶,Indie,540k
Shower With Your Dad Simu‚Ä¶,marbenx,Indie,539.8k
Fear & Hunger,Miro Haverinen,Indie,538.6k
Cat Burglar: A Tail of Pu‚Ä¶,Gamers for Good,Hobbyist,537.3k
Two Worlds II HD,Reality Pump Studios,Indie,537.2k
Streets of Rage 4,"Dotemu, Guard Crush, Liza‚Ä¶",Indie,536.9k
Mist Survival,Dimension 32 Entertainmen‚Ä¶,Indie,536.4k
Titan Souls,Acid Nerve,AA,536.2k
The Flame in the Flood,The Molasses Flood,AAA,535.9k
Mutant Year Zero: Road to‚Ä¶,The Bearded Ladies,AA,535.2k
Trombone Champ,Holy Wow Studios LLC,Indie,524.7k
Age of Conan: Unchained,Funcom,AA,524.6k
Home Behind,TPP Studio,Indie,523.9k
The Howler,"Antanas Marcelionis, Renƒó‚Ä¶",Hobbyist,522.5k
Evoland,Shiro Games,AA,522.1k
LISA: The Painful,Dingaling Productions,Indie,520.9k
FIVE NIGHTS AT FREDDY'S: ‚Ä¶,Steel Wool Studios,Indie,520.8k
Kingdoms of Amalur: Re-Re‚Ä¶,"KAIKO, Big Huge Games, 38‚Ä¶",AA,520.8k
Animation Throwdown: The ‚Ä¶,"Synapse Games, Chinzilla",Indie,520.7k
Timberman,Digital Melody,Indie,520.5k
Ship of Fools,Fika Productions,AA,520.3k
ROMANCE OF THE THREE KING‚Ä¶,"KOEI TECMO GAMES CO., LTD‚Ä¶",AA,520k
Planetbase,Madruga Works,Indie,519.9k
Mortal Shell,Cold Symmetry,AA,519.7k
Ale & Tale Tavern: First ‚Ä¶,Scienart Games,Indie,519.6k
STAR WARS‚Ñ¢ Jedi Knight II‚Ä¶,Raven Software,AA,519.3k
Anarchy Arcade,Elijah Newman-Gomez,Hobbyist,518.8k
Keep Talking and Nobody E‚Ä¶,Steel Crate Games,Indie,518.7k
Eternium,"Dream Primer, Making Fun",Indie,518.4k
UnderMine,Thorium,Indie,506.7k
Thomas Was Alone,Bithell Games,Indie,506.5k
Nine Sols,RedCandleGames,Indie,506.5k
The Bureau: XCOM Declassi‚Ä¶,2K Marin,AAA,506.4k
DOKA 2 KISHKI EDITION,Agafonoff,Indie,506.2k
FINAL FANTASY XII THE ZOD‚Ä¶,Square Enix,AA,506.2k
MX Bikes,PiBoSo,Indie,506k
ONRAID,Pragmatix Ltd,Indie,505.9k
"Sir, You Are Being Hunted",Big Robot Ltd,Indie,505.8k
Nova Drift,Chimeric,Indie,505.3k
SIGNALIS,rose-engine,AA,504.7k
Refunct,Dominique Grieshofer,Indie,504.3k
Bloody Trapland,2Play,Indie,503.5k
Enclave,Starbreeze,Indie,503.3k
RPG MO,Marxnet,Indie,502.7k
FOREWARNED,Dreambyte Games,Indie,502.6k
Rebel Galaxy,Double Damage Games,Indie,502.5k
Castle Story,Sauropod Studio,Indie,502.5k
Mini World: CREATA,MINOVATE HONG KONG LIMITE‚Ä¶,Indie,502.2k
Sword Art Online: Hollow ‚Ä¶,AQURIA,AA,491.2k
Out There Somewhere,MiniBoss,Indie,490.9k
NEKOPARA Vol. 2,NEKO WORKs,Indie,490.6k
Epic Roller Coasters,B4T Games,Indie,490.5k
Planet Explorers,Pathea Games,Indie,490.5k
Hand of Fate 2,Defiant Development,Indie,490.3k
"Please, Don‚Äôt Touch Anyth‚Ä¶",Four Quarters,Indie,490.3k
ATRI -My Dear Moments-,"Frontwing, Êûï",Indie,489.9k
Hamster Playground,Mass Creation,Indie,489.8k
Fog Of War - Free Edition,Monkeys Lab.,Hobbyist,489.8k
Prison Life,AO Games,Indie,489.5k
Chicken Invaders Universe,InterAction studios,Indie,489.2k
Tank Force: Online Shoote‚Ä¶,XDEVS LTD,Indie,488.8k
Airline Manager,Trophy Games,Indie,488.5k
Prince of Suburbia - Part‚Ä¶,ViM Studios,Indie,488.3k
Sherlock Holmes: Crimes a‚Ä¶,Frogwares,Indie,488.1k
OCTOPATH TRAVELER II,"Square Enix, ACQUIRE Corp‚Ä¶",AA,487.7k
NIGHT-RUNNERS‚Ñ¢ PROLOGUE,PLANET JEM,Hobbyist,487.7k
Hello Neighbor Alpha 2,Dynamic Pixels,AA,487.4k
Hatsune Miku: Project DIV‚Ä¶,SEGA,AAA,477.4k
Supremacy: 1914,Bytro Labs GmbH,Indie,476.5k
Kane and Lynch: Dead Men‚Ñ¢,IO Interactive,AA,475.4k
Starpoint Gemini 2,Little Green Men Games,Indie,475.2k
From the Depths,Brilliant Skies Ltd.,Indie,474.7k
The Dark Pictures Antholo‚Ä¶,Supermassive Games,Indie,474.3k
Interstellar Marines,Zero Point Software,Indie,474.1k
DuckTales: Remastered,WayForward,AA,473.8k
Turmoil,Gamious,Indie,473.7k
THE KING OF FIGHTERS XV,SNK CORPORATION,Indie,473k
Void Crew,Hutlihut Games,AAA,473k
Trophy Fishing 2,Overgroup,Indie,472.6k
DYO,"Team DYO, Josia Roncancio",Hobbyist,472.5k
ÈõÄÂß¨/Âß´È∫ªÈõÄ,Jack Tech,Indie,472.1k
Haydee,Haydee Interactive,Indie,472.1k
Bellwright,Donkey Crew,Indie,472k
OLDTV,Creability,Hobbyist,471.7k
Another Crab's Treasure,Aggro Crab,Indie,471.7k
Drift Streets Japan,JDM4iK Games,Indie,471.1k
EverQuest II,Darkpaw Games,Indie,464k
Idling to Rule the Gods,Shugasu GmbH,Indie,462.8k
Bomber Crew,Runner Duck,AA,462.8k
Dinosaur Hunt,Racing Bros,Indie,462.7k
IL-2 Sturmovik: Battle of‚Ä¶,1C Game Studios,Indie,462.6k
Kagura Survivors: Endless‚Ä¶,"Big Bang Studio, Swaps4 P‚Ä¶",AA,462.4k
"Knowledge, or know Lady",Ëí∏Ê±ΩÊª°Êª°Â∑•‰ΩúÂÆ§,Indie,462.4k
Bad Rats: the Rats' Reven‚Ä¶,Invent4 Entertainment,Indie,462.2k
The Texas Chain Saw Massa‚Ä¶,Sumo Digital,Indie,462.1k
The Hat Man: Shadow Ward,Game Mechanics LLC,Indie,461.8k
CryoFall,AtomicTorch Studio,AA,461.8k
Strange Horticulture,Bad Viking,Indie,461.6k
SUPERHOT: MIND CONTROL DE‚Ä¶,SUPERHOT Team,Indie,460.6k
Audiosurf 2,Dylan Fitterer,Indie,460.6k
Partisans 1941,Alter Games,AA,460.5k
The Timeless Child - Prol‚Ä¶,Timeless Tale,Hobbyist,460.5k
Isonzo,BlackMill Games,Indie,460.3k
Due Process,Giant Enemy Crab,Indie,460.1k
NVIDIA¬Æ VR Funhouse,Lightspeed Studios‚Ñ¢,Hobbyist,460k
Ghostrunner 2,One More Level,AA,452.5k
Squishy the Suicidal Pig,"Tomi Maarela, Elias Vigli‚Ä¶",Indie,452.2k
Milk outside a bag of mil‚Ä¶,Nikita Kryukov,Indie,451.5k
SpaceEngine,Cosmographic Software,Indie,451.4k
Meadow - A Shelter Game,Might and Delight,Indie,451.4k
Mr. Prepper,Rejected Games,AA,451.2k
FINAL FANTASY VII EVER CR‚Ä¶,"Square Enix, Applibot, In‚Ä¶",AA,451k
Steel Division: Normandy ‚Ä¶,Eugen Systems,AAA,450.7k
Iratus: Lord of the Dead,Unfrozen,AA,450.6k
Ultimate Epic Battle Simu‚Ä¶,Brilliant Game Studios,Indie,450.5k
Tomb Raider: Legend,Crystal Dynamics,AA,450.3k
5D Chess With Multiverse ‚Ä¶,"Conor Petersen, Thunkspac‚Ä¶",Indie,449.2k
Tom Clancy's Ghost Recon:‚Ä¶,"Ubisoft Paris, Red Storm ‚Ä¶",AAA,448.2k
Rayman¬Æ Origins,Ubisoft Montpellier,AAA,447.9k
Blasphemous 2,The Game Kitchen,AA,447.6k
Subverse,Studio FOW Interactive,Indie,447.5k
Supreme Commander: Forged‚Ä¶,Gas Powered Games,AA,447.5k
Offworld Trading Company,Mohawk Games,AA,447.3k
Strike.is: The Game,Freakinware Limited,Hobbyist,447.2k
The Wandering Village,Stray Fawn Studio,Indie,436.5k
Parkitect,Texel Raptor,Indie,436.5k
Into the Radius VR,CM Games,Indie,436.1k
Landfall Archives,landfall,Indie,436k
Fernbus Simulator,TML-Studios,Indie,435.7k
TOGETHER BnB,AURORA Games,Indie,433.8k
Banner of the Maid,Azure Flame Studio,Indie,433.6k
Kingdom Rush 5: Alliance ‚Ä¶,Ironhide Game Studio,Indie,433.1k
Damned,9heads Game Studios,Indie,432.8k
Webbed,Sbug Games,Indie,432.6k
Primal Carnage: Extinctio‚Ä¶,"Circle Five Studios, Pub ‚Ä¶",Indie,432.4k
Amarillo's Butt Slapper,AmarilloArts,Hobbyist,431.7k
Jazzpunk: Director's Cut,Necrophone Games,Indie,431.6k
Voidtrain,HypeTrain Digital,AA,431.5k
Katamari Damacy REROLL,MONKEYCRAFT Co. Ltd.,AA,430.8k
BIT.TRIP RUNNER,"Gaijin Games, Choice Prov‚Ä¶",Indie,429.6k
Battle Chasers: Nightwar,Airship Syndicate,AA,428.2k
Infinity Wars: Animated T‚Ä¶,Lightmare Studios,Hobbyist,427.7k
Kingdom Wars,Reverie World Studios,Hobbyist,427.3k
Anomaly: Warzone Earth,11 bit studios,AA,418.5k
Valkyria Chronicles 4 Com‚Ä¶,SEGA,AAA,418.3k
The Jackbox Party Pack 4,"Jackbox Games, Inc.",AA,418.2k
Rogue Tower,Die of Death Games,Indie,417.5k
SteamWorld Dig,Image & Form Games,Indie,416.6k
Legend of Keepers: Career‚Ä¶,Goblinz Studio,Indie,416.4k
BONELAB,Stress Level Zero,Indie,416.1k
WARNO,Eugen Systems,Indie,415.9k
Kerbal Space Program 2,Intercept Games,AA,414.9k
From Dust,Ubisoft Montpellier,AAA,414.3k
Call of the Wild: The Ang‚Ä¶,Expansive Worlds,AA,414.2k
Goat Simulator 3,Coffee Stain North,AAA,414k
Cultist Simulator,Weather Factory,Indie,413k
Neighbours from Hell Comp‚Ä¶,JoWooD Vienna,Indie,412.3k
GRAV,"BitMonster, Inc.",Indie,412.2k
Awaria,vanripper,Indie,412.2k
Ragnarok Online 2,"Gravity, Inc.",Indie,411.6k
IXION,Bulwark Studios,Indie,411.4k
Zombidle : REMONSTERED,Berzerk Studio,Indie,411k
Judgment,Ryu Ga Gotoku Studio,AAA,401.9k
Freeman: Guerrilla Warfar‚Ä¶,KK Game Studio,Indie,401.4k
Sengoku Dynasty,Superkami,AA,401.4k
WORLD OF HORROR,panstasz,Indie,401.2k
Colony Survival,Pipliz,Indie,401k
Soldat,"Transhuman Design, Soldat‚Ä¶",Indie,400.7k
Late Shift,CtrlMovie,Indie,400.5k
Brighter Shores,Fen Research Ltd,Indie,400.5k
"Gremlins, Inc.",Charlie Oscar Lima Tango ‚Ä¶,Indie,400.5k
Romance of the Three King‚Ä¶,"KOEI TECMO GAMES CO., LTD‚Ä¶",AA,400.2k
Factory Town,Erik Asmussen,Indie,400k
Hellish Quart,Kubold,Indie,399.6k
TheDawn,LIMITED,Hobbyist,399.5k
Kebab Chefs! - Restaurant‚Ä¶,Biotech Gameworks,Indie,399.5k
Anno 2205‚Ñ¢,Blue Byte,AAA,398.8k
Screw Drivers,Creactstudios,Indie,398.7k
Before Your Eyes,GoodbyeWorld Games,AA,398.3k
First Class Trouble,Invisible Walls,Indie,398k
DESOLATE,Nearga,AA,398k
Stronghold Crusader HD (2‚Ä¶,FireFly Studios,Indie,388.9k
Quake III Arena,id Software,Indie,388.6k
Tales of the Black Forest,ÊãæËã±Â∑•‰ΩúÂÆ§,Indie,388.6k
The Council,Big Bad Wolf,AAA,388.5k
Battlefleet Gothic: Armad‚Ä¶,Tindalos Interactive,AAA,388.4k
They Can't Stop All Of Us,"B Michael B, ChainWave Ga‚Ä¶",Hobbyist,388.4k
Victor Vran ARPG,Haemimont Games,Indie,388.2k
The Jackbox Party Pack 6,"Jackbox Games, Inc.",AA,388k
Sword With Sauce,Diatomic Studios,Indie,388k
Killer Instinct,Iron Galaxy Studios,AAA,387.7k
Kholat,IMGN.PRO,Indie,386.8k
WRC 7 FIA World Rally Cha‚Ä¶,KT Racing,AA,386.7k
Gas Guzzlers Extreme,Gamepires,AA,386.6k
Session: Skate Sim,crea-ture Studios Inc.,AA,386.6k
LEGO¬Æ Marvel Super Heroes‚Ä¶,"TT Games, Feral Interacti‚Ä¶",Indie,386.4k
Catherine Classic,ATLUS,AAA,386.1k
Scorn,Ebb Software,AA,386k
Way of the Hunter,Nine Rocks Games,AA,385.9k
Pixel Puzzles Ultimate Ji‚Ä¶,Pixel Puzzles,Indie,384.3k
Guacamelee! Gold Edition,DrinkBox Studios,Indie,375.6k
Evil West,Flying Wild Hog,AAA,375.5k
Yu-Gi-Oh! Legacy of the D‚Ä¶,Other Ocean Interactive,AAA,375.2k
STAR WARS‚Ñ¢: The Force Unl‚Ä¶,Aspyr Studios,AA,375.1k
The First Berserker: Khaz‚Ä¶,Neople,AA,375k
AI LIMIT,Sense Games,Indie,374.5k
Wolfenstein: Enemy Territ‚Ä¶,Splash Damage,AAA,373.7k
SCP: Labrat,Bezbro Games,Hobbyist,373.7k
Blazing Sails,"Get Up Games, Iceberg Int‚Ä¶",Indie,373.6k
Creature Clicker - Captur‚Ä¶,ColloseusX,Indie,373.6k
Barony,Turning Wheel LLC,Indie,373.3k
Airscape - The Fall of Gr‚Ä¶,Cross-Product,Indie,373.2k
Worms Revolution,Team17 Digital Ltd,Indie,372.8k
Tank Mechanic Simulator,DeGenerals S.A.,AA,372.6k
Apocalypse Party,Breaker Games,Indie,372.5k
The Backrooms Game FREE E‚Ä¶,Pie On A Plate Production‚Ä¶,Hobbyist,372.3k
Kingdom Heroes 8,"USERJOY Technology Co.,Lt‚Ä¶",Indie,371.8k
The Coffin of Andy and Le‚Ä¶,Kit9 Studio,Indie,371.7k
Ni no Kuni Wrath of the W‚Ä¶,"LEVEL5 Inc., QLOC",AA,371.5k
Secrets of Grindea,Pixel Ferrets,Indie,363.9k
Life is Strange: True Col‚Ä¶,Deck Nine,AA,363.4k
We Who Are About To Die,Jordy Lakiere,Indie,363.3k
Tomb Raider: Underworld,Crystal Dynamics,AA,363.1k
Old World,Mohawk Games,AA,363k
ONE PIECE World Seeker,"GANBARION Co., Ltd.",AA,362.8k
Wobbledogs,Animal Uprising,Indie,362.8k
Hard Reset Extended Editi‚Ä¶,Flying Wild Hog,AA,362.7k
Warpips,Skirmish Mode Games,AA,362.7k
Sniper Elite,Rebellion,AA,362.5k
Two Point Museum,Two Point Studios,AAA,362.4k
My Dream Setup,Campfire Studio,Indie,362.3k
Feed the Cups,Vambear Games,AA,362.1k
Sanfu,Shiying Studio,AA,361.6k
Narcissu 1st & 2nd,stage-nana,Indie,361.5k
Bitburner,"Fulcrum Games, Hydroflame‚Ä¶",Hobbyist,361.3k
Cloud Meadow,Team Nimbus,Indie,361.2k
Dream Date,ADOG,Indie,361k
Supraland,Supra Games,Indie,359.9k
Surgeon Simulator VR: Mee‚Ä¶,Bossa Studios,Indie,353k
Spellsworn,Frogsong Studios,Indie,352.6k
Wanba Warriors,Wanba Studio,Indie,352.1k
Secret Pie (Adult Version‚Ä¶,Momentum Games,Indie,351.6k
Cossacks: Back to War,GSC Game World,Indie,351.4k
Breakout 13,ALT Lab,Indie,351.1k
Pistol Whip,Cloudhead Games Ltd.,Indie,350.8k
DreadOut,Digital Happiness,Indie,350.8k
NEO Scavenger,Blue Bottle Games,Indie,350.6k
Gnomoria,Robotronic Games,Indie,350.2k
Missing Translation,"AlPixel Games, Luis Diaz,‚Ä¶",Hobbyist,349.6k
Let's Build a Zoo,Springloaded,Indie,349.4k
RollerCoaster Tycoon¬Æ Cla‚Ä¶,Origin8 Technologies Ltd.,Indie,349.4k
Heat Signature,Suspicious Developments,Indie,349.2k
Motorcycle Mechanic Simul‚Ä¶,Play2Chill S.A.,Indie,349.1k
Tainted Grail: Conquest,Questline,Indie,349k
Ragnarok Online,Gravity Interactive,Indie,348.7k
Dream Daddy: A Dad Dating‚Ä¶,Game Grumps,Indie,348.3k
Duke Nukem 3D: 20th Anniv‚Ä¶,"Nerve Software, Gearbox S‚Ä¶",AA,348k
THE GAME OF LIFE,Marmalade Game Studio Ltd,Indie,340.8k
Space Rangers HD: A War A‚Ä¶,"SNK Games, Elemental Game‚Ä¶",AA,340.6k
SPORE‚Ñ¢ Galactic Adventure‚Ä¶,EA - Maxis,AAA,340.5k
What Never Was,Acke Hallgren,Hobbyist,340.1k
DR LIVESEY ROM AND DEATH ‚Ä¶,Agafonoff,Indie,339.9k
RollerCoaster Tycoon¬Æ 3: ‚Ä¶,"Frontier Developments, As‚Ä¶",Indie,339.9k
FUCK HITLER,Sunday's Games,Indie,339.6k
TaleSpire,Bouncyrock Entertainment,Indie,339.5k
Mortal Online,Star Vault AB,Indie,339.2k
Aim Hero,ProGames Studio,Indie,338.7k
The Great Ace Attorney Ch‚Ä¶,"CAPCOM Co., Ltd.",AAA,338.2k
Dead Effect,"BadFly Interactive, a.s.",Indie,337.1k
Alan Wake's American Nigh‚Ä¶,Remedy Entertainment,AA,337.1k
Castlevania: Lords of Sha‚Ä¶,MercurySteam,AAA,337k
A Total War Saga: TROY,"CREATIVE ASSEMBLY, Feral ‚Ä¶",AAA,336.7k
Fantasy Map Simulator,The Stranger,Indie,336.7k
Guacamelee! Super Turbo C‚Ä¶,DrinkBox Studios,Indie,336.6k
Takedown: Red Sabre,Serellan LLC,AA,336.6k
An Arcade Full of Cats,Devcats,Indie,336.6k
Batman: The Enemy Within ‚Ä¶,Telltale,Indie,330.2k
Splatter - Zombiecalypse ‚Ä¶,Dreamworlds,Indie,330k
Dragon Nest,Eyedentity Games Inc.,Hobbyist,329.9k
Happy Room,Mana Potion Studios,Indie,329.8k
Initial Drift Online,RewindApp,Indie,329.7k
Gladio and Glory,Adi Zhavo,Hobbyist,329.6k
Trials Evolution: Gold Ed‚Ä¶,"Redlynx Ltd, Ubisoft Sha‚Ä¶",AAA,329.2k
ÊûùÊ±üÂæÄ‰∫ã,A-SOUL GameMaker Project,Hobbyist,328.9k
Despot's Game: Dystopian ‚Ä¶,Konfa Games,AA,328.9k
Dead Pixels,CSR-Studios,Indie,328.9k
Burnout‚Ñ¢ Paradise Remaste‚Ä¶,"Stellar Entertainment, Cr‚Ä¶",AAA,328.3k
System Shock¬Æ 2 (Classic),"Nightdive Studios, Irrati‚Ä¶",Indie,327.9k
Shin Megami Tensei V: Ven‚Ä¶,ATLUS,AAA,327.9k
Quake II RTX,Lightspeed Studios‚Ñ¢,Hobbyist,327.8k
Glass Masquerade,Onyx Lute,Indie,327.1k
Ballads of Hongye: REBORN,Áè†Êµ∑ÈáëÂ±±Êï∞Â≠óÁΩëÁªúÁßëÊäÄÊúâÈôêÂÖ¨Âè∏,Indie,327.1k
CarX Street,"CarX Technologies, LLC",Indie,327k
Shadowrun: Dragonfall - D‚Ä¶,Harebrained Schemes,AAA,326.9k
Moncage,Optillusion,AA,326.9k
Trials Fusion‚Ñ¢,"RedLynx, in collaboration‚Ä¶",AAA,321k
Bomb Rush Cyberfunk,Team Reptile,Indie,320.7k
Weird RPG,yuzhen,Indie,320.3k
Returnal‚Ñ¢,"Housemarque, Climax Studi‚Ä¶",AAA,320.2k
NOBUNAGA'S AMBITION: Awak‚Ä¶,"KOEI TECMO GAMES CO., LTD‚Ä¶",AA,319.9k
Frozenheim,Paranoid Interactive,Indie,319.6k
MicroWorks,Agiriko,Indie,319.6k
Risen,"Piranha Bytes, THQ Nordic",AA,319.1k
Blue Prince,Dogubomb,AA,319k
Forever Skies,Far From Home,Indie,318.7k
Underground Blossom,Rusty Lake,Indie,318.7k
The Case of the Golden Id‚Ä¶,Color Gray Games,AA,318.5k
Thief Simulator 2,"CookieDev, Ultimate Games‚Ä¶",AA,318.4k
Overgrowth,Wolfire Games,Indie,318k
Oddworld: New 'n' Tasty,Just Add Water (Developme‚Ä¶,Indie,317.6k
"I, Zombie",Awesome Games Studio,Indie,317.6k
Hammerwatch,Crackshell,Indie,317.6k
The Cave,Double Fine Productions,Indie,317.3k
Incredibox,So Far So Good,Indie,317.2k
Enemy Front,CI Games,AA,312.8k
RUSSIAPHOBIA,European Flameworms,Indie,312.5k
Empires Apart,DESTINYbit,AA,312.5k
Epigenesis,Dead Shark Triplepunch,Hobbyist,312.5k
Assassin's Creed Mirage,Ubisoft Bordeaux,AAA,312.4k
F.E.A.R. 3,Day 1 Studios,AA,312.3k
Elin,Lafrontier,Indie,312k
Dark Hours,Piece of Cake studios,Indie,312k
Hexcells,Matthew Brown,Indie,311k
Lurk in the Dark : Prolog‚Ä¶,IDEA FRUITION,Indie,310.6k
Ê≤≥Ê¥õÁæ§‰ø†ÂÇ≥ (Ho Tu Lo Shu Ôºö The‚Ä¶,È¶ôÊ∏ØÂïÜÊ≤≥Ê¥õ‰∫íÂãïÂ®õÊ®ÇËÇ°‰ªΩÊúâÈôêÂÖ¨Âè∏,Indie,310.4k
Scribblenauts Unmasked: A‚Ä¶,5th Cell Media,AA,310.4k
Sudden Strike 4,Kite Games,AA,310.3k
Grow Home,"Reflections, a Ubisoft St‚Ä¶",AAA,310.1k
Â∞èÁôΩÂÖîÁîµÂïÜ~Bunny e-Shop,"ËêΩÂè∂Â≤õÈ°πÁõÆÁªÑ, Ê©òÂ≠êÁè≠",Indie,310.1k
Zero-K,Zero-K Team,Hobbyist,310.1k
Grey Goo,"Petroglyph, Six Foot",Indie,309.6k
Chillquarium,Ben Reber,Indie,309.5k
Overcast - Walden and the‚Ä¶,Microblast Games,Indie,309.3k
Drop Alive,Invi Games,Hobbyist,302.7k
Book of Demons,Thing Trunk,Indie,302.5k
PRICE,YETU GAME,Indie,302.3k
SAMOLIOTIK,Volens Nolens Games,Indie,302.1k
Sherlock Holmes Chapter O‚Ä¶,Frogwares,Indie,302k
Bendy and the Dark Reviva‚Ä¶,Joey Drew Studios,Indie,301.8k
Train Sim World¬Æ 3,Dovetail Games,Indie,301.5k
Force of Nature,A.Y.std,Indie,301.2k
Sniper: Ghost Warrior,City Interactive,AA,301.1k
"Little Kitty, Big City",Double Dagger Studio,Indie,301.1k
KLETKA,"Callback, ln404",Indie,300.6k
Zuma Deluxe,"PopCap Games, Inc.",Indie,300.5k
Rake,Konsordo,Indie,300.5k
Rusty Lake: Roots,Rusty Lake,Indie,300.4k
Sang-Froid - Tales of Wer‚Ä¶,Artifice Studio,Indie,300k
Sex Coach: Hot Yoga - Pro‚Ä¶,Juicy Peach Games üçë,Indie,299.7k
They Bleed Pixels,Spooky Squid Games Inc.,Indie,299.4k
Viewfinder,Sad Owl Studios,Indie,299.4k
Do Not Feed the Monkeys,Fictiorama Studios,Indie,299.2k
AI: The Somnium Files,"Spike Chunsoft Co., Ltd.",AA,293.2k
Ghost Exorcism INC.,StudioGoupil,Indie,292.9k
Accident: The Pilot,"Duality Games, Glob Games‚Ä¶",Indie,292.4k
Cartel Tycoon,Moon Moose,AA,292.4k
‰æ†ÂÆ¢È£é‰∫ë‰º†(Tale of Wuxia),Heluo Studio,Indie,292k
Rogue Heroes: Ruins of Ta‚Ä¶,Heliocentric Studios,Indie,291.8k
Tiny and Big: Grandpa's L‚Ä¶,Black Pants Studio,Indie,291.5k
HYPERCHARGE: Unboxed,Digital Cybercherries,Indie,291.5k
Fahrenheit: Indigo Prophe‚Ä¶,"Quantic Dream, Aspyr Medi‚Ä¶",AA,291.4k
Outpost: Infinity Siege,Team Ranger,AA,291.3k
Shotgun Farmers,Megastorm Games,Indie,291.2k
A Date with Death,Two and a Half Studios,Indie,291.1k
Chasing Tails ~A Promise ‚Ä¶,"the last evil wizard, Nup‚Ä¶",Indie,291k
Ken Follett's The Pillars‚Ä¶,Daedalic Entertainment,AA,290.4k
Omerta - City of Gangster‚Ä¶,Haemimont Games,Indie,290.4k
Legend of Keepers: Prolog‚Ä¶,Goblinz Studio,Indie,290.1k
Assassin‚Äôs Creed¬Æ Chronic‚Ä¶,Climax Studios,AA,290k
Aliens: Colonial Marines ‚Ä¶,Gearbox Software,AAA,290k
Fear & Hunger 2: Termina,Miro Haverinen,Indie,289.8k
Ben and Ed,Sluggerfly,Indie,285.2k
Max Payne 2: The Fall of ‚Ä¶,Remedy Entertainment,AAA,284.8k
Mount & Blade,TaleWorlds Entertainment,AA,284.8k
FPV SkyDive : FPV Drone S‚Ä¶,ORQA,Indie,284.8k
Clue/Cluedo: Classic Edit‚Ä¶,Marmalade Game Studio Ltd,Indie,284.7k
Astrea: Six-Sided Oracles,Little Leo Games,Indie,284.6k
Mega Man X Legacy Collect‚Ä¶,"CAPCOM CO., LTD",Indie,284.5k
Gothic¬Æ 3,Piranha Bytes,AA,284k
Timberman VS,Digital Melody,Indie,284k
Zero Escape: The Nonary G‚Ä¶,"Spike Chunsoft Co., Ltd.",AA,283.9k
Crown Trick,NEXT Studios,AA,283.4k
Train Sim World¬Æ 2020,Dovetail Games,Indie,283.3k
Legend Creatures(‰º†Â•áÁîüÁâ©),HideChara,Indie,283.3k
Ratz Instagib,Lino Slahuschek,Indie,283.2k
Zup! 4,Quiet River,Indie,283.1k
Emily is Away Too,Kyle Seeley,Indie,283.1k
Drug Dealer Simulator 2,Byterunners,Indie,283k
Surviving the Aftermath,Iceflake Studios,AAA,282.9k
Battlestations Pacific,Eidos Studio Hungary,AA,282.8k
Farmer's Dynasty,UMEO Studios,AA,278.8k
No One Survived,Cat Play Studio,Indie,278.7k
Left on Read,Weston Bell-Geddes,Hobbyist,278.7k
The LEGO¬Æ NINJAGO¬Æ Movie ‚Ä¶,"Traveller's Tales, TT Gam‚Ä¶",AA,278.2k
HOME,LORE NINE,Hobbyist,278.2k
The Tiny Bang Story,Colibri Games,Indie,278.1k
Final Fantasy IV (3D Rema‚Ä¶,"Square Enix, DotEmu SAS.",AA,277.8k
Curvatron,Brave Bunny,Hobbyist,277.4k
Brigador: Up-Armored Edit‚Ä¶,"Stellar Jockeys, Gausswer‚Ä¶",Indie,277.3k
La-Mulana,NIGORO,AA,277k
Dark Fracture: Prologue,Twisted II Studio,Hobbyist,276.7k
Age of History 3,≈Åukasz Jakowski,Indie,276.6k
UnderRail,Stygian Software,Indie,276.4k
Rise of Eros,THE SHADOW STUDIO,Indie,276.3k
Frozen Synapse,Mode 7,Indie,276.3k
DEADBOLT,Hopoo Games,Indie,276.1k
Apotheon Arena,Alientrap,Indie,276k
Kind Words (lo fi chill b‚Ä¶,Popcannibal,Indie,275.8k
Ratropolis,Cassel Games,Indie,275.6k
Divinity II: Developer's ‚Ä¶,Larian Studios,AAA,268k
Breach & Clear,"Mighty Rabbit Studios, Gu‚Ä¶",Indie,268k
Monster Girl2,DMgames,Indie,268k
MICROVOLTS: Recharged,Masangsoft,Indie,267.9k
Legend of Mortal,Obb Studio Inc.,Indie,267.8k
Barn Finders,Duality Games,Indie,267.7k
SENRAN KAGURA ESTIVAL VER‚Ä¶,Tamsoft,AA,267.6k
Lawn Mowing Simulator,Skyhook Games,AA,267.2k
Cave Crawlers,Heroic Pyxel LLC,Hobbyist,267k
LiEat,‚ñ≥‚óã‚ñ°√ó (Miwashiba),AA,266.5k
Á•ûËàûÂπªÊÉ≥ Faith of Danschant,Âåó‰∫¨‰πùÈ≥≥‰ø°ÊÅØÁßëÊäÄÊúâÈôêÂÖ¨Âè∏,Indie,266.4k
Beyond The Wire,Redstone Interactive,AA,266.2k
Binary Domain,Devil's Details,AAA,266.1k
SONIC X SHADOW GENERATION‚Ä¶,Sonic Team,AAA,266k
Hentai Girl,GirlGames,Indie,265.8k
UNBEATABLE [white label],D-CELL GAMES,Hobbyist,265.6k
Smithworks,Ardent Games,Hobbyist,265.6k
Prince of Persia: The Two‚Ä¶,Ubisoft Montreal,AAA,265.5k
Legend of Grimrock 2,Almost Human Games,Indie,265.4k
Miss Neko 2,Double W,Indie,259.6k
Continent of the Ninth Se‚Ä¶,"VALOFE, Webzen",Indie,259.5k
Beholder 2,Alawar Stargaze (Warm Lam‚Ä¶,Indie,259.5k
That's not my Neighbor,Nachosama Games,Indie,259.5k
Knights of Pen and Paper ‚Ä¶,Behold Studios,AAA,259.3k
Mercenary Kings: Reloaded‚Ä¶,Tribute Games Inc.,Indie,259.3k
HighFleet,Konstantin Koshutin,Indie,259.2k
The Jackbox Party Pack 2,"Jackbox Games, Inc.",AA,258.9k
Shift 2 Unleashed,Slightly Mad Studios,AAA,258.9k
Class of '09,SBN3,Indie,258.8k
Wildfrost,"Deadpan Games, Gaziter",AA,258.8k
Quantum Conundrum,Airtight Games,AA,258.7k
No Time to Relax,Porcelain Fortress,Indie,258.6k
Tukoni: Prologue,"Dream Operator, Oksana Bu‚Ä¶",Hobbyist,258.5k
Like a Dragon Gaiden: The‚Ä¶,Ryu Ga Gotoku Studio,AAA,258.3k
Velvet Sundown,Tribe Studios,Hobbyist,258.3k
Chaos,Frinky,Indie,258.2k
Kathy Rain,Clifftop Games,AA,258.2k
ÂºÇÂåñ‰πãÊÅ∂„ÄáAbnormal Treatment,Eternal Dream,Indie,257.8k
WILD HEARTS‚Ñ¢,"KOEI TECMO GAMES CO., LTD‚Ä¶",AAA,253.1k
Legendary,Spark Unlimited,Indie,253.1k
Taora : Beginning,Tulpar Games,Indie,253k
Citadel: Forged with Fire,Blue Isle Studios,Indie,253k
Mad Games Tycoon 2,Eggcode,Indie,253k
Submerged,Uppercut Games Pty Ltd,Indie,252.5k
Agarest: Generations of W‚Ä¶,Idea Factory,Indie,252.3k
World of Goo,2D BOY,Indie,252.1k
Exit the Gungeon,"Dodge Roll, Singlecore",AA,252.1k
LEGO¬Æ MARVEL's Avengers,"Traveller's Tales, TT Gam‚Ä¶",AA,251.9k
Half-Life Deathmatch: Sou‚Ä¶,Valve,AAA,251.8k
Zup! 5,Quiet River,Indie,251.8k
Contrast,Compulsion Games,Hobbyist,251.8k
The Coin Game,devotid,Indie,251.6k
Wrecked,Marco Amadei,Indie,251.6k
The Red Solstice,Ironward,Indie,251.4k
Word Game: Episode 0,Team9,Indie,251.1k
Karryn's Prison,Remtairy,Indie,251.1k
The Guild II Renaissance,Runeforge Game Studio,AA,250.6k
Dropzone,Sparkypants Studios LLC,Hobbyist,246.6k
STRIDER‚Ñ¢ / „Çπ„Éà„É©„Ç§„ÉÄ„ÉºÈ£õÁ´ú¬Æ,"Double Helix Games, Capco‚Ä¶",AA,246.5k
CityBattle | Virtual Eart‚Ä¶,LLC RIKOR IMT,Hobbyist,246.5k
Gordian Quest,"Mixed Realms Pte Ltd, Swa‚Ä¶",Indie,246.4k
ASTRA: Knights of Veda,FLINT,Indie,245.8k
Skill Legends Royale,ZGGame,Indie,245.7k
Deep Sky Derelicts,Snowhound Games,AA,245.5k
Big Pharma,Twice Circled,Indie,245.5k
The Incredible Adventures‚Ä¶,NeocoreGames,Indie,245.4k
DOOM Eternal: The Ancient‚Ä¶,id Software,AAA,245.1k
One Piece Burning Blood,"Spike Chunsoft Co., Ltd.",AA,245.1k
Electrician Simulator,Take IT Studio!,Indie,245k
Zombie Driver HD,Exor Studios,Indie,244.8k
Hammerfight,Konstantin Koshutin,Indie,244.6k
Spirit of the North,Infuse Studio,Indie,244.6k
Tactical Craft Online,Crematorium of Time,Hobbyist,244.3k
Maelstrom,"Gunpowder Games, Inc., Ti‚Ä¶",Indie,244.2k
Wargame: European Escalat‚Ä¶,Eugen Systems,Indie,244.2k
TIS-100,Zachtronics,Indie,244.1k
Uncharted Waters Origin,"KOEI TECMO GAMES CO., LTD‚Ä¶",Indie,240.1k
Miss Neko 3,Double W,Indie,240k
Tactics Ogre: Reborn,Square Enix,AA,239.9k
Mind Over Magic,Sparkypants,Indie,239.9k
Train Station Renovation ‚Ä¶,Live Motion Games,Indie,239.7k
Uncrashed : FPV Drone Sim‚Ä¶,Louis Rochette,Indie,239.7k
Serious Sam Classics: Rev‚Ä¶,"Croteam, Alligator Pit",AA,239.6k
Aliens versus Predator Cl‚Ä¶,Rebellion,AA,239.5k
BABBDI,"Sirius Lemaitre, L√©onard ‚Ä¶",Indie,239.4k
OnlyCans: Thirst Date,OnlyCans Team,Hobbyist,239.4k
Murderous Pursuits,Blazing Griffin,Indie,239.4k
Enforcer: Police Crime Ac‚Ä¶,Odin Game Studio,Indie,239.3k
White Noise 2,Milkstone Studios,Indie,239.1k
Saints Row¬Æ: The Third‚Ñ¢ R‚Ä¶,"Deep Silver Volition, Spe‚Ä¶",AAA,239.1k
King's Quest,The Odd Gentlemen,Indie,239k
FortressCraft Evolved!,ProjectorGames,Indie,238.7k
Deus Ex: The Fall,Eidos Interactive Corp.,Hobbyist,238.5k
The Life and Suffering of‚Ä¶,Sever,Indie,238.5k
College Kings 2 - Episode‚Ä¶,Undergrad Steve,Indie,238.5k
Amnesia: The Bunker,Frictional Games,Indie,234.3k
Red Faction¬Æ: Armageddon‚Ñ¢,Volition,AAA,234.3k
Heavenly Bodies,2pt Interactive,Indie,234.2k
Hero of the Kingdom,Lonely Troops,Indie,234.2k
DYNASTY WARRIORS 9,"KOEI TECMO GAMES CO., LTD‚Ä¶",AA,234.1k
Quake 4,"RavenSoft, id Software",AAA,234k
Psychonauts,Double Fine Productions,Indie,234k
Dreamfall Chapters,Red Thread Games,Indie,233.9k
Expeditions: Rome,Logic Artists,AA,233.9k
Lost in Play,Happy Juice Games,Indie,233.7k
The Quinfall,Vawraek Technology Inc.,Indie,233.7k
Pineapple on pizza,Majorariatto,Indie,233.7k
Life Goes On: Done to Dea‚Ä¶,Infinite Monkeys Entertai‚Ä¶,Indie,233.6k
Ship Graveyard Simulator:‚Ä¶,Games Incubator,Indie,233.3k
Hell Yeah! Wrath of the D‚Ä¶,Arkedo,AAA,232.9k
Renowned Explorers: Inter‚Ä¶,Abbey Games,Indie,232.7k
FINAL FANTASY II,Square Enix,AA,232.4k
Swords and Sandals Classi‚Ä¶,Whiskeybarrel Studios,Indie,232.3k
LOST PLANET¬Æ 3,Spark Unlimited,AA,232.3k
Super Seducer 2 - Advance‚Ä¶,RLR Training Inc,Hobbyist,227.5k
Alpaca Stacka,"Sebastian Baracaldo, Mich‚Ä¶",Hobbyist,227.5k
Einar,DreamPunks,Indie,226.9k
Prince of Persia¬Æ: The Sa‚Ä¶,Kudosoft,AAA,226.9k
Severed Steel,Greylock Studio,Indie,226.8k
Mark of the Ninja: Remast‚Ä¶,Klei Entertainment,AA,226.6k
Edna & Harvey: Harvey's N‚Ä¶,Daedalic Entertainment,AA,226.5k
Len's Island,Flow Studio,Indie,226.2k
Overlord II,Triumph Studios,Indie,226.1k
Street Fighter 30th Anniv‚Ä¶,Digital Eclipse,Indie,226k
ArcaniA,Spellbound,AA,226k
Phantom Doctrine,CreativeForge Games,AA,226k
Granblue Fantasy Versus: ‚Ä¶,"Cygames, Inc., Arc System‚Ä¶",AA,226k
Summer Clover,Connection,Indie,226k
Our End of the World,"Ê©òÂ≠êÁè≠, Â§ßÂ•ΩÁΩë",Indie,225.8k
DIRT 5,Codemasters,Indie,225.7k
Desert Bus VR,Dinosaur Games,Hobbyist,225.4k
UFO 50,Mossmouth,Indie,225.4k
Mars: War Logs,Spiders,AAA,225.3k
Savant - Ascent,D-Pad Studio,Hobbyist,221.7k
The Fall,Over The Moon,Indie,221.6k
The Blackout Club,Question,Indie,221.6k
Angeldust,Frank Lucas,Hobbyist,221.6k
"Good Pizza, Great Pizza -‚Ä¶",TapBlaze,Indie,221.5k
Microsoft Flight Simulato‚Ä¶,Asobo Studio,AAA,221.3k
Reassembly,Anisoptera Games,Indie,221.3k
Prince of Persia¬Æ,Ubisoft Montreal,AAA,221.2k
Retro City Rampage‚Ñ¢ DX,"Vblank Entertainment, Inc‚Ä¶",Indie,221.2k
Touhou Hero of Ice Fairy,GAMEPULSE Ê∏∏ÊàèËÑâÂÜ≤,Indie,221.1k
Cluckmech Oasis,BlackLight,Indie,221.1k
Tower Wars,SuperVillain Studios,Indie,221.1k
INMOST,Hidden Layer Games,AA,221k
Awkward Dimensions Redux,StevenHarmonGames,Hobbyist,220.9k
Tempest Rising,Slipgate Ironworks‚Ñ¢,Indie,220.9k
Men of War‚Ñ¢,"Best Way, Digitalmindsoft",AA,220.9k
Midas Gold Plus,Holyday Studios,Indie,220.5k
Divekick,Iron Galaxy Studios,Indie,220.5k
Disgaea 5 Complete,"Nippon Ichi Software, Inc‚Ä¶",Indie,220.3k
Gloomwood,"Dillon Rogers, David Szym‚Ä¶",AA,217.2k
Check it Out!,Open Alpha,Hobbyist,216.7k
Fingerbones,David Szymanski,Indie,216.7k
Passing Pineview Forest,VIS-Games,Indie,216.7k
Shin Megami Tensei III No‚Ä¶,ATLUS,AAA,216.6k
Coloring Game 4,L. Stotch,Indie,216.5k
Indigo Park: Chapter 1,UniqueGeese,Hobbyist,216.3k
Fly Corp,KishMish Games,Indie,216.2k
Sonic Lost World,Sonic Team,AAA,216.1k
Juicy Realm,SpaceCan,AA,215.8k
"Run Prop, Run! - Puropu P‚Ä¶",PlayTogether Studio,Indie,215.8k
SUMMERHOUSE,Friedemann,Indie,215.7k
Egg,KolbasinoGames,Hobbyist,215.5k
Waves,Squid In A Box Ltd,Hobbyist,215.3k
Chroma Squad,Behold Studios,Indie,215.2k
Evoland 2,Shiro Games,AA,215.1k
Shark Attack Deathmatch 2,Lighthouse Games Studio,Indie,215k
March of Empires,Gameloft,AA,214.9k
Replica,Somi,Indie,214.9k
The Imperial Gatekeeper,Tengsten,AA,211.2k
Hob,Runic Games,AA,211.1k
CastleStorm,Zen Studios,Indie,211.1k
ChilloutVR,Alpha Blend Interactive,Hobbyist,211k
Yooka-Laylee,Playtonic Games,Indie,210.9k
Super House of Dead Ninja‚Ä¶,Megadev,Indie,210.9k
Dungeons & Degenerate Gam‚Ä¶,Purple Moss Collectors,Indie,210.8k
Deliver Us The Moon,KeokeN Interactive,Indie,210.8k
Trick and Treat - Visual ‚Ä¶,Eternal Night Studios,Hobbyist,210.7k
GemCraft - Chasing Shadow‚Ä¶,Game in a Bottle,Indie,210.7k
Rusty Lake Hotel,Rusty Lake,Indie,210.6k
Emily Wants To Play,Shawn Hitchcock,Indie,210.6k
Empire of Sin,Romero Games,AAA,210.4k
Radiator 2: Anniversary E‚Ä¶,Robert Yang,Hobbyist,210.2k
Yuppie Psycho: Executive ‚Ä¶,Baroque Decay,Indie,210.2k
Shadow Tactics: Aiko's Ch‚Ä¶,Mimimi Games,AA,210k
Trover Saves the Universe,"Squanch Games, Inc.",Indie,209.9k
Blood Strike,Quzhou Wooduan Network Te‚Ä¶,Indie,209.8k
NaissanceE,Limasse Five,Indie,209.8k
Rivals of Aether II,Aether Studios,Indie,205.4k
Sheepy: A Short Adventure,MrSuicideSheep,Hobbyist,205.2k
Rento Fortune: Online Dic‚Ä¶,LAN - GAMES LTD,Indie,205.1k
Trackmania United Forever,Nadeo,AAA,204.9k
DRIFT CE,ECC GAMES,AA,204.7k
Emily is Away <3,Kyle Seeley,Indie,204.7k
Agents of Mayhem,Deep Silver Volition,AAA,204.6k
Tony Hawk's‚Ñ¢ Pro Skater‚Ñ¢ ‚Ä¶,"Vicarious Visions, Iron G‚Ä¶",AAA,204.5k
Blair Witch,Bloober Team SA,Indie,204.4k
Super Sus,GIANT INTERACTIVE HK LIMI‚Ä¶,Hobbyist,204.3k
Ys I & II Chronicles+,Nihon Falcom,AA,204.2k
Battlestar Galactica Dead‚Ä¶,Black Lab Games,AA,204.2k
Antenna,LWNA,Hobbyist,203.9k
SULFUR,Perfect Random,Indie,203.9k
Aircar,"Giant Form Entertainment,‚Ä¶",Hobbyist,203.8k
Hot Lava,Klei Entertainment,AA,203.8k
Oriental Empires,Shining Pixel Studios,Indie,203.6k
BlazBlue: Calamity Trigge‚Ä¶,Arc System Works,Indie,203.6k
VR Benchmark Kanojo,ILLUSION,AA,203.5k
Bugsnax,Young Horses,Indie,200.2k
NALOGI,CUTE ANIME GIRLS,Indie,200k
Bell Ringer,Night Node Software,Hobbyist,199.9k
Trials of Mana,Square Enix,AA,199.8k
SKYHILL,Mandragora,AA,199.6k
Ikaruga,TREASURE,Indie,199.6k
Bio Inc. Redemption,DryGin Studios,Indie,199.2k
Wurm Online,Code Club AB,Indie,199.1k
Samorost 3,Amanita Design,Indie,199.1k
Gunsmith Simulator,GameHunters,AA,199k
Tom Clancy‚Äôs Rainbow Six¬Æ‚Ä¶,Ubisoft Montreal,AAA,198.8k
Medieval Kingdom Wars,Reverie World Studios,Indie,198.6k
Blacksad: Under the Skin,"Pendulo Studios, YS Inter‚Ä¶",Indie,198.6k
Dungeon Defenders: Awaken‚Ä¶,Chromatic Games,Indie,198.5k
Starward,Game Blender,Indie,198.1k
Hooked on You: A Dead by ‚Ä¶,Psyop,AA,198k
Yet Another Zombie Defens‚Ä¶,Awesome Games Studio,Indie,197.9k
Hypnospace Outlaw,"Tendershoot, Michael Lasc‚Ä¶",Indie,197.8k
TELEFORUM,Monumental Collab,Indie,197.7k
King Arthur: Knight's Tal‚Ä¶,NeocoreGames,Indie,194.7k
Syberia,Microids,Indie,194.7k
Broken Sword 5 - the Serp‚Ä¶,Revolution Software Ltd,Indie,194.4k
The WereCleaner,Howlin' Hugs,Indie,194.3k
Turing Complete,LevelHead,Indie,194.2k
Patron,Overseer Games,Indie,194.2k
The Infected,DigX Studios,Indie,194k
Outlaws of the Old West,Virtual Basement LLC,Indie,193.8k
Techtonica,Fire Hose Games,Indie,193.7k
DORONKO WANKO,Bandai Namco Studios Inc.‚Ä¶,Indie,193.4k
Reminiscence,Reminiscence Project,Hobbyist,193.3k
UBERMOSH,Walter Machado,Indie,193.3k
Blood Trail,Electrovore,Indie,193k
F1¬Æ Manager 2023,Frontier Developments,AA,193k
Russian Life Simulator,GosDev Production,Indie,192.9k
Sid Meier's Railroads!,"Firaxis Games, Feral Inte‚Ä¶",AAA,192.8k
Come with Me,Xin Ye,Hobbyist,192.8k
The LEGO¬Æ Movie - Videoga‚Ä¶,"TT Fusion, Traveller's Ta‚Ä¶",AA,192.5k
Stronghold: Warlords,FireFly Studios,Indie,192.4k
Cheeky Chooks,Trilum Studios,Hobbyist,189.5k
Train Valley 2,"Alexey Davydov, Sergey Dv‚Ä¶",Indie,189.4k
Drova - Forsaken Kin,Just2D,Indie,189.1k
The Cat Lady,Harvester Games,Indie,189k
Assassin's Creed Freedom ‚Ä¶,Ubisoft Montreal,AAA,188.9k
DON'T SCREAM,Digital Cybercherries,Indie,188.8k
METAL GEAR SOLID 3: Snake‚Ä¶,KONAMI,AAA,188.8k
Carto,Sunhead Games,AA,188.6k
AKIBA'S TRIP: Undead ÔºÜ Un‚Ä¶,ACQUIRE Corp.,AA,188.3k
Black Book,Morteshka,AA,188.2k
Yarimono,„Å´„ÇÖ„ÅÜÂ∑•Êàø,Indie,188.1k
Sid Meier's Civilization ‚Ä¶,Firaxis Games,AAA,188.1k
Post Void,YCJY Games,Indie,187.6k
Iconoclasts,Joakim Sandberg,Indie,187.6k
Capcom Arcade Stadium,"CAPCOM Co., Ltd.",AAA,187.5k
Infested Planet,Rocket Bear Games,Indie,187.5k
ELEX II,Piranha Bytes,AA,187.3k
Captain Tsubasa: Rise of ‚Ä¶,TAMSOFT CORPORATION,AA,187.2k
Richman 4,SOFTSTAR ENTERTAINMENT,Indie,187.1k
Tiny Tina's Assault on Dr‚Ä¶,"Gearbox Software, Stray K‚Ä¶",AAA,184.2k
Vagante,Nuke Nine,Indie,184.2k
Mahjong Soul,Catfood Studio,Indie,184.2k
The First Tree,David Wehle,Indie,184.1k
AXYOS,Axyos Games,Indie,184.1k
Weapon Shop Fantasy,INDIECN,Indie,184.1k
Space Pirates and Zombies,MinMax Games Ltd.,Indie,184.1k
Before the Echo,Iridium Studios,Hobbyist,183.9k
Heroes of Might & Magic V‚Ä¶,Nival,AAA,183.9k
Deponia Doomsday,Daedalic Entertainment,AA,183.7k
Mitoza,Gal Mamalya,Indie,183.6k
LEGO¬Æ DC Super-Villains,"TT Games, Feral Interacti‚Ä¶",AA,183.4k
TOEM: A Photo Adventure,Something We Made,Indie,183.4k
Star Trucker,Monster and Monster,AA,183.4k
Run!ZombieFood!,VirusSea,Indie,183.3k
100 Doors Game - Escape f‚Ä¶,Peaksel,Indie,183.3k
Battlefield‚Ñ¢ Hardline,DICE,AAA,183.1k
Idle Cave Miner,Cold Hours,Indie,183.1k
Knights and Merchants,Topware Interactive,Indie,183k
Stories Untold,No Code,AA,179.7k
WARRIORS OROCHI 3 Ultimat‚Ä¶,"KOEI TECMO GAMES CO., LTD‚Ä¶",AA,179.7k
Battle Realms: Zen Editio‚Ä¶,Ed Del Castillo,Indie,179.7k
WooLoop,ToastieLabs,Indie,179.7k
ChuSingura46+1 S,"„Ç§„É≥„É¨, Inre",Indie,179.7k
Evil Genius,Elixir Studios,AA,179.6k
Before We Leave,Balancing Monkey Games,AA,179.5k
Sundered¬Æ: Eldritch Editi‚Ä¶,Thunder Lotus Games,Indie,179.3k
Astro Colony,Terad Games,Indie,179.3k
Songs of Syx,Gamatron AB,Indie,179.2k
Rebel Forces,FreezeNova,Indie,179.2k
Achievement Clicker,OfficialAndy,Indie,178.9k
Marfusha:Sentinel Girls,hinyari9,Indie,178.8k
Rival Stars Horse Racing:‚Ä¶,PikPok,Indie,178.6k
Postal III,"Trashmasters, Zoom Platfo‚Ä¶",Indie,178.5k
"Warhammer 40,000: Warpfor‚Ä¶",Everguild Ltd.,Indie,178.5k
Raw Data,Survios,Indie,178.5k
WAVESHAPER,GAMES FOR HUMANS,Indie,178.3k
Goodbye Deponia,Daedalic Entertainment,AA,178.3k
Star Realms,"Wise Wizard Games, LLC",Indie,176.4k
The Lion's Song: Episode ‚Ä¶,Mi'pu'mi Games GmbH,Indie,176.3k
COCOON,Geometric Interactive,AA,176.2k
Hyperdimension Neptunia U‚Ä¶,"Idea Factory, Compile Hea‚Ä¶",Indie,176.2k
Refind Self: The Personal‚Ä¶,Lizardry,AA,176.2k
Intravenous,Explosive Squat Games,AA,176.1k
I Am Future: Cozy Apocaly‚Ä¶,Mandragora,AA,176.1k
Total War: PHARAOH,CREATIVE ASSEMBLY,AAA,176k
Penny Arcade's On the Rai‚Ä¶,Zeboyd Games,Hobbyist,176k
Dev Guy,Daniel Jonathan Bourke,Hobbyist,176k
Idol Manager,Glitch Pitch,AA,175.9k
Samorost 1,Amanita Design,Indie,175.9k
THE 4 SINS,Â•áÈó®‰∫íÂ®±,Indie,175.9k
Mad Island,EmadePlus,Indie,175.7k
Idol Showdown,Besto Game Team,Indie,175.7k
Sanctum,Coffee Stain Studios,AAA,175.7k
Ghost Trick: Phantom Dete‚Ä¶,"CAPCOM Co., Ltd.",AAA,175.6k
Taxi Life: A City Driving‚Ä¶,Simteract,AA,175.6k
Tentacle Girl,Inverse Game,Indie,175.5k
Embr,Muse Games,AA,173k
Plain Sight,Beatnik Games,Indie,172.9k
Warhammer Age of Sigmar: ‚Ä¶,Frontier Developments,AA,172.8k
Dead Effect 2,"BadFly Interactive, a.s.",Indie,172.8k
Expeditions: Viking,Logic Artists,AA,172.5k
Animal Shelter: Prologue,Games Incubator,Indie,172.4k
SlipSlop: World's Hardest‚Ä¶,10F,Hobbyist,172.2k
Thief‚Ñ¢ Gold,Looking Glass Studios,AA,172.2k
The Red Stare,Play:D,Hobbyist,172.2k
Always Sometimes Monsters,Vagabond Dog,Indie,172.1k
Jusant,DON'T NOD,Indie,171.9k
Shieldwall,Nezon Production,Indie,171.9k
Shank 2,Klei Entertainment,AA,171.8k
Party Club,Lucid11 Interactive,Indie,171.8k
X3: Terran Conflict,Egosoft,Indie,171.8k
How Fish Is Made,"Wrong Organ, Johanna Kasu‚Ä¶",Hobbyist,171.7k
G2 Fighter / Âü∫Âõ†ÁâπÂ∑•,‰∏ÄÂØ∏ÂÖâÂπ¥G2Â∑•‰ΩúÂÆ§,Indie,171.7k
Encased: A Sci-Fi Post-Ap‚Ä¶,Dark Crystal Games,AA,171.7k
Salt,Lavaboots Studios,Indie,171.2k
Alba: A Wildlife Adventur‚Ä¶,ustwo games,Indie,168.4k
Party Hard 2,"Pinokl Games, Kverta, Hol‚Ä¶",AA,168.4k
FlatOut 4: Total Insanity,Kylotonn,Indie,168.3k
BustyBiz,3X Entertainment Limited,Indie,168.2k
Angry Video Game Nerd Adv‚Ä¶,FreakZone Games,Indie,168.1k
Lightyear Frontier,"FRAME BREAK, Amplifier St‚Ä¶",Indie,168k
The Stronghold Collection,FireFly Studios,Indie,168k
Five Nights at Freddy's: ‚Ä¶,Mega Cat Studios,Indie,168k
Skyborn,Dancing Dragon Games,Indie,168k
Command & Conquer‚Ñ¢ Tiberi‚Ä¶,Westwood Studios,AAA,167.9k
Hero of the Kingdom II,Lonely Troops,Indie,167.9k
Army Men RTS,Pandemic Studios,AAA,167.9k
Moss,Polyarc,Indie,167.8k
LOST EMBER,Mooneye Studios,Indie,167.8k
Boid,Mokus,AA,167.8k
Digseum,Rat Monthly,Indie,167.8k
Eador. Masters of the Bro‚Ä¶,Snowbird Games,Indie,167.5k
Tormented Souls,"Dual Effect, Abstract Dig‚Ä¶",Indie,167.5k
Rail Route,Bitrich.info,Indie,167.4k
Astebreed: Definitive Edi‚Ä¶,Edelweiss,AA,165.3k
Edge Of Eternity,Midgar Studio,AA,165.3k
Syberia: The World Before,Microids Studio Paris,Indie,165.3k
Split or Steal,Rootpew,Hobbyist,165.2k
Myst,Cyan Worlds Inc,Indie,165k
SimRail - The Railway Sim‚Ä¶,SimRail S.A.,AA,165k
Space Pirates And Zombies‚Ä¶,MinMax Games Ltd.,Indie,164.9k
STRANGER OF PARADISE FINA‚Ä¶,"Square Enix, KOEI TECMO G‚Ä¶",AA,164.9k
Wrap House SimulatorüåØ Pr‚Ä¶,Broken Lyre Entertainment,AA,164.8k
The Riflemen,Normogames,Indie,164.7k
Rise of Legions,Broken Games,Indie,164.7k
Hyperdimension Neptunia R‚Ä¶,"Idea Factory, Compile Hea‚Ä¶",Indie,164.7k
Pathway,Robotality,AA,164.6k
Prodeus,Bounding Box Software Inc‚Ä¶,AA,164.5k
Epic Clicker Journey,Cleversan Software,Hobbyist,164.2k
Knights of Pen and Paper ‚Ä¶,Kyy Games,AAA,164.2k
WARSAW RISING: City of He‚Ä¶,"Pixelated Milk, Retrovibe‚Ä¶",Indie,164.2k
Walkabout Mini Golf VR,Mighty Coconut,Indie,164.1k
The Darkest Tales ‚Äî Into ‚Ä¶,Trinity Team,Indie,163.9k
Star Fetchers,Svavelstickan,Indie,160.7k
Production Line : Car fac‚Ä¶,Positech Games,Indie,160.6k
EARTH DEFENSE FORCE 6,SANDLOT,AA,160.5k
hexceed,ToastieLabs,Indie,160.3k
Âè§ÂâëÂ•áË∞≠‰∫å(GuJian2),"‰∏äÊµ∑ÁÉõÈæô‰ø°ÊÅØÁßëÊäÄÊúâÈôêÂÖ¨Âè∏, Aurogon Sha‚Ä¶",Indie,160.2k
Seraph's Last Stand,Sad Socket,Indie,160.2k
Of Orcs And Men,"Cyanide Studio, Spiders",Indie,160.1k
Serious Sam Fusion 2017 (‚Ä¶,Croteam,Hobbyist,160.1k
Hyperdimension Neptunia R‚Ä¶,"Idea Factory, Compile Hea‚Ä¶",Indie,160k
STEINS;GATE 0,MAGES. Inc.,AA,159.9k
Lara Croft GO,Square Enix Montr√©al,AA,159.9k
Ampu-Tea,ProjectorGames,Indie,159.7k
BARRIER X,Noclip,AA,159.6k
The Greatest Penguin Heis‚Ä¶,"That Fish, That Other Fis‚Ä¶",Indie,159.6k
Zup! X,Quiet River,Indie,159.4k
Bounty Train,Corbie Games,AA,159.3k
The Bridge Curse Road to ‚Ä¶,SOFTSTAR ENTERTAINMENT,Indie,158.9k
ATOM RPG Trudograd,AtomTeam,Indie,158.8k
Max Gentlemen,The Men Who Wear Many Hat‚Ä¶,Indie,158.7k
Circle Empires Rivals,Luminous,Indie,156.2k
Mighty Party,Panoramik Games LTD,Indie,156.1k
Bardbarian,TreeFortress Games,Indie,156k
My Sexy Neighbor üîû Prolo‚Ä¶,Pocket Rocket Studio üöÄ,Indie,156k
The Hex,Daniel Mullins Games,Indie,155.9k
Oik 2,Crew Lab,Indie,155.9k
20 Small Mazes,FLEB,Hobbyist,155.9k
Amazing Frog?,Fayju,Indie,155.9k
Plan B: Terraform,Gaddy Games,Indie,155.9k
Silica,Martin 'Dram' Melich√°rek,AAA,155.9k
Alchemy Mysteries: Prague‚Ä¶,Jetdogs Studios,Indie,155.9k
The Dark Pictures Antholo‚Ä¶,Supermassive Games,Indie,155.7k
Esports Godfather,Asteroid Game Studio,Indie,155.7k
SteamWorld Heist,Image & Form Games,Indie,155.6k
The Night of the Rabbit,Daedalic Entertainment,AA,155.6k
Megaton Rainfall,"Pentadimensional Games, S‚Ä¶",Indie,155.5k
Monday Night Combat,Uber Entertainment,Indie,155.5k
Chill Pulse,Catos Game,Indie,155.4k
King Of The Castle,Tributary Games,AA,155.3k
The NOexistenceN of you A‚Ä¶,Fontainebleau,Indie,153.5k
DUCKSIDE,tinyBuild Riga,AA,153.5k
The Lost Mythologies,Basaltic studio,Hobbyist,153.5k
Oddworld: Stranger's Wrat‚Ä¶,Oddworld Inhabitants,Indie,153.5k
Bakso Simulator,Akhir Pekan Studio,Indie,153.4k
The Great War: Western Fr‚Ä¶,Petroglyph,Indie,153.4k
House Builder,FreeMind S.A.,AA,153.3k
Worms Clan Wars,Team17 Digital Ltd,Indie,153.3k
"Gunner, HEAT, PC!",Radian Simulations LLC,Indie,153.3k
One Hour One Life,Jason Rohrer,Indie,153.3k
Barro Racing,SC Jogos,Indie,153.3k
Planescape: Torment: Enha‚Ä¶,Beamdog,Indie,153.2k
Grow Up,"Reflections, a Ubisoft St‚Ä¶",AAA,153.2k
Dominion,Temple Gates Games,Indie,153.2k
Tomb Raider VI: The Angel‚Ä¶,Core Design,AA,153.1k
Fancy Skulls,tequibo,Hobbyist,153.1k
Faerie Solitaire,Subsoap,Indie,152.9k
Royal Quest Online,BASE,Indie,152.8k
Sayonara Wild Hearts,Simogo,AA,152.8k
